TRUNCATE `REPLACE_WITH_PREFIX_config`;

INSERT INTO `REPLACE_WITH_PREFIX_config` (`conf_id`, `conf_modid`, `conf_catid`, `conf_name`, `conf_title`, `conf_value`, `conf_desc`, `conf_formtype`, `conf_valuetype`, `conf_order`) VALUES
(1, 0, 1, 'sitename', '_MD_AM_SITENAME', 'Formulize Standalone', '_MD_AM_SITENAMEDSC', 'textbox', 'text', 0),
(2, 0, 1, 'slogan', '_MD_AM_SLOGAN', '', '_MD_AM_SLOGANDSC', 'textbox', 'text', 1),
(3, 0, 1, 'adminmail', '_MD_AM_ADMINML', '', '_MD_AM_ADMINMLDSC', 'textbox', 'text', 2),
(4, 0, 1, 'language', '_MD_AM_LANGUAGE', 'english', '_MD_AM_LANGUAGEDSC', 'language', 'other', 3),
(5, 0, 1, 'startpage', '_MD_AM_STARTPAGE', 'a:3:{i:1;s:9:"formulize";i:2;s:9:"formulize";i:3;s:2:"--";}', '_MD_AM_STARTPAGEDSC', 'startpage', 'array', 4),
(6, 0, 1, 'server_TZ', '_MD_AM_SERVERTZ', '-5', '_MD_AM_SERVERTZDSC', 'timezone', 'float', 5),
(7, 0, 1, 'default_TZ', '_MD_AM_DEFAULTTZ', '-5', '_MD_AM_DEFAULTTZDSC', 'timezone', 'float', 6),
(8, 0, 1, 'use_ext_date', '_MD_AM_EXT_DATE', '1', '_MD_AM_EXT_DATEDSC', 'yesno', 'int', 7),
(9, 0, 1, 'theme_set', '_MD_AM_DTHEME', 'formulize_standalone', '_MD_AM_DTHEMEDSC', 'theme', 'other', 8),
(10, 0, 1, 'theme_admin_set', '_MD_AM_ADMIN_DTHEME', 'formulize_standalone', '_MD_AM_ADMIN_DTHEME_DESC', 'theme_admin', 'other', 9),
(11, 0, 1, 'theme_fromfile', '_MD_AM_THEMEFILE', '0', '_MD_AM_THEMEFILEDSC', 'yesno', 'int', 10),
(12, 0, 1, 'theme_set_allowed', '_MD_AM_THEMEOK', 'a:3:{i:0;s:20:"formulize_standalone";i:1;s:20:"formulize_mobile_app";i:2;s:6:"iTheme";}', '_MD_AM_THEMEOKDSC', 'theme_multi', 'array', 11),
(13, 0, 1, 'template_set', '_MD_AM_DTPLSET', 'default', '_MD_AM_DTPLSETDSC', 'tplset', 'other', 12),
(14, 0, 1, 'editor_default', '_MD_AM_EDITOR_DEFAULT', 'dhtmltextarea', '_MD_AM_EDITOR_DEFAULT_DESC', 'editor', 'text', 13),
(15, 0, 1, 'editor_enabled_list', '_MD_AM_EDITOR_ENABLED_LIST', 'a:3:{i:0;s:13:"dhtmltextarea";i:1;s:9:"FCKeditor";i:2;s:7:"tinymce";}', '_MD_AM_EDITOR_ENABLED_LIST_DESC', 'editor_multi', 'array', 14),
(16, 0, 1, 'sourceeditor_default', '_MD_AM_SRCEDITOR_DEFAULT', 'editarea', '_MD_AM_SRCEDITOR_DEFAULT_DESC', 'editor_source', 'text', 15),
(17, 0, 1, 'anonymous', '_MD_AM_ANONNAME', 'Anonymous', '_MD_AM_ANONNAMEDSC', 'textbox', 'text', 16),
(18, 0, 1, 'gzip_compression', '_MD_AM_USEGZIP', '0', '_MD_AM_USEGZIPDSC', 'yesno', 'int', 17),
(19, 0, 1, 'usercookie', '_MD_AM_USERCOOKIE', 'icms_user', '_MD_AM_USERCOOKIEDSC', 'textbox', 'text', 18),
(20, 0, 1, 'use_mysession', '_MD_AM_USEMYSESS', '0', '_MD_AM_USEMYSESSDSC', 'yesno', 'int', 19),
(21, 0, 1, 'session_name', '_MD_AM_SESSNAME', 'icms_session', '_MD_AM_SESSNAMEDSC', 'textbox', 'text', 20),
(22, 0, 1, 'session_expire', '_MD_AM_SESSEXPIRE', '15', '_MD_AM_SESSEXPIREDSC', 'textbox', 'int', 21),
(23, 0, 1, 'debug_mode', '_MD_AM_DEBUGMODE', '0', '_MD_AM_DEBUGMODEDSC', 'select', 'int', 22),
(24, 0, 1, 'banners', '_MD_AM_BANNERS', '0', '_MD_AM_BANNERSDSC', 'yesno', 'int', 23),
(25, 0, 1, 'closesite', '_MD_AM_CLOSESITE', '0', '_MD_AM_CLOSESITEDSC', 'yesno', 'int', 24),
(26, 0, 1, 'closesite_okgrp', '_MD_AM_CLOSESITEOK', 'a:1:{i:0;s:1:"1";}', '_MD_AM_CLOSESITEOKDSC', 'group_multi', 'array', 25),
(27, 0, 1, 'closesite_text', '_MD_AM_CLOSESITETXT', 'The site is currently closed for maintenance. Please come back later.', '_MD_AM_CLOSESITETXTDSC', 'textsarea', 'text', 26),
(28, 0, 1, 'my_ip', '_MD_AM_MYIP', '127.0.0.1', '_MD_AM_MYIPDSC', 'textbox', 'text', 27),
(29, 0, 1, 'use_ssl', '_MD_AM_USESSL', '0', '_MD_AM_USESSLDSC', 'yesno', 'int', 28),
(30, 0, 1, 'sslpost_name', '_MD_AM_SSLPOST', 'icms_ssl', '_MD_AM_SSLPOSTDSC', 'textbox', 'text', 29),
(31, 0, 1, 'sslloginlink', '_MD_AM_SSLLINK', 'https://', '_MD_AM_SSLLINKDSC', 'textbox', 'text', 30),
(32, 0, 1, 'com_mode', '_MD_AM_COMMODE', 'nest', '_MD_AM_COMMODEDSC', 'select', 'text', 31),
(33, 0, 1, 'com_order', '_MD_AM_COMORDER', '0', '_MD_AM_COMORDERDSC', 'select', 'int', 32),
(34, 0, 1, 'use_captchaf', '_MD_AM_USECAPTCHAFORM', '1', '_MD_AM_USECAPTCHAFORMDSC', 'yesno', 'int', 33),
(35, 0, 1, 'enable_badips', '_MD_AM_DOBADIPS', '0', '_MD_AM_DOBADIPSDSC', 'yesno', 'int', 34),
(36, 0, 1, 'bad_ips', '_MD_AM_BADIPS', 'a:1:{i:0;s:9:"127.0.0.1";}', '_MD_AM_BADIPSDSC', 'textsarea', 'array', 35),
(37, 0, 1, 'module_cache', '_MD_AM_MODCACHE', 'a:3:{i:2;s:1:"0";i:3;s:1:"0";i:4;s:1:"0";}', '_MD_AM_MODCACHEDSC', 'module_cache', 'array', 36),
(38, 0, 2, 'allow_register', '_MD_AM_ALLOWREG', '0', '_MD_AM_ALLOWREGDSC', 'yesno', 'int', 0),
(39, 0, 2, 'minpass', '_MD_AM_MINPASS', '5', '_MD_AM_MINPASSDSC', 'textbox', 'int', 1),
(40, 0, 2, 'pass_level', '_MD_AM_PASSLEVEL', '40', '_MD_AM_PASSLEVEL_DESC', 'select', 'int', 2),
(41, 0, 2, 'minuname', '_MD_AM_MINUNAME', '3', '_MD_AM_MINUNAMEDSC', 'textbox', 'int', 3),
(42, 0, 2, 'maxuname', '_MD_AM_MAXUNAME', '20', '_MD_AM_MAXUNAMEDSC', 'textbox', 'int', 4),
(43, 0, 2, 'delusers', '_MD_AM_DELUSRES', '30', '_MD_AM_DELUSRESDSC', 'textbox', 'int', 5),
(44, 0, 2, 'use_captcha', '_MD_AM_USECAPTCHA', '1', '_MD_AM_USECAPTCHADSC', 'yesno', 'int', 6),
(45, 0, 2, 'welcome_msg', '_MD_AM_WELCOMEMSG', '0', '_MD_AM_WELCOMEMSGDSC', 'yesno', 'int', 7),
(46, 0, 2, 'welcome_msg_content', '_MD_AM_WELCOMEMSG_CONTENT', 'Welcome {UNAME},\r\n\r\nYour account has been successfully activated on {X_SITENAME}. As a member of our site, you will benefit from all the features reserved to registered members !\r\n\r\nOnce again, welcome to our site. Visit us often !\r\n\r\nIf you did not registered to our site, please contact us at the following address {X_ADMINMAIL}, and we will fix the situation.\r\n\r\n-----------\r\nYours truly,\r\n{X_SITENAME}\r\n{X_SITEURL}', '_MD_AM_WELCOMEMSG_CONTENTDSC', 'textsarea', 'text', 8),
(47, 0, 2, 'allow_chgmail', '_MD_AM_ALLWCHGMAIL', '0', '_MD_AM_ALLWCHGMAILDSC', 'yesno', 'int', 9),
(48, 0, 2, 'allow_chguname', '_MD_AM_ALLWCHGUNAME', '0', '_MD_AM_ALLWCHGUNAMEDSC', 'yesno', 'int', 10),
(49, 0, 2, 'allwshow_sig', '_MD_AM_ALLWSHOWSIG', '1', '_MD_AM_ALLWSHOWSIGDSC', 'yesno', 'int', 11),
(50, 0, 2, 'allow_htsig', '_MD_AM_ALLWHTSIG', '1', '_MD_AM_ALLWHTSIGDSC', 'yesno', 'int', 12),
(51, 0, 2, 'sig_max_length', '_MD_AM_SIGMAXLENGTH', '255', '_MD_AM_SIGMAXLENGTHDSC', 'textbox', 'int', 13),
(52, 0, 2, 'new_user_notify', '_MD_AM_NEWUNOTIFY', '1', '_MD_AM_NEWUNOTIFYDSC', 'yesno', 'int', 14),
(53, 0, 2, 'new_user_notify_group', '_MD_AM_NOTIFYTO', '1', '_MD_AM_NOTIFYTODSC', 'group', 'int', 15),
(54, 0, 2, 'activation_type', '_MD_AM_ACTVTYPE', '0', '_MD_AM_ACTVTYPEDSC', 'select', 'int', 16),
(55, 0, 2, 'activation_group', '_MD_AM_ACTVGROUP', '1', '_MD_AM_ACTVGROUPDSC', 'group', 'int', 17),
(56, 0, 2, 'uname_test_level', '_MD_AM_UNAMELVL', '2', '_MD_AM_UNAMELVLDSC', 'select', 'int', 18),
(57, 0, 2, 'avatar_allow_upload', '_MD_AM_AVATARALLOW', '0', '_MD_AM_AVATARALWDSC', 'yesno', 'int', 19),
(58, 0, 2, 'avatar_allow_gravatar', '_MD_AM_GRAVATARALLOW', '1', '_MD_AM_GRAVATARALWDSC', 'yesno', 'int', 20),
(59, 0, 2, 'avatar_minposts', '_MD_AM_AVATARMP', '0', '_MD_AM_AVATARMPDSC', 'textbox', 'int', 21),
(60, 0, 2, 'avatar_width', '_MD_AM_AVATARW', '80', '_MD_AM_AVATARWDSC', 'textbox', 'int', 22),
(61, 0, 2, 'avatar_height', '_MD_AM_AVATARH', '80', '_MD_AM_AVATARHDSC', 'textbox', 'int', 23),
(62, 0, 2, 'avatar_maxsize', '_MD_AM_AVATARMAX', '35000', '_MD_AM_AVATARMAXDSC', 'textbox', 'int', 24),
(63, 0, 2, 'self_delete', '_MD_AM_SELFDELETE', '0', '_MD_AM_SELFDELETEDSC', 'yesno', 'int', 25),
(64, 0, 2, 'rank_width', '_MD_AM_RANKW', '120', '_MD_AM_RANKWDSC', 'textbox', 'int', 26),
(65, 0, 2, 'rank_height', '_MD_AM_RANKH', '120', '_MD_AM_RANKHDSC', 'textbox', 'int', 27),
(66, 0, 2, 'rank_maxsize', '_MD_AM_RANKMAX', '35000', '_MD_AM_RANKMAXDSC', 'textbox', 'int', 28),
(67, 0, 2, 'bad_unames', '_MD_AM_BADUNAMES', 'a:3:{i:0;s:9:"webmaster";i:1;s:11:"^impresscms";i:2;s:6:"^admin";}', '_MD_AM_BADUNAMESDSC', 'textsarea', 'array', 29),
(68, 0, 2, 'bad_emails', '_MD_AM_BADEMAILS', 'a:1:{i:0;s:15:"impresscms.org$";}', '_MD_AM_BADEMAILSDSC', 'textsarea', 'array', 30),
(69, 0, 2, 'remember_me', '_MD_AM_REMEMBERME', '0', '_MD_AM_REMEMBERMEDSC', 'yesno', 'int', 31),
(70, 0, 2, 'reg_dispdsclmr', '_MD_AM_DSPDSCLMR', '0', '_MD_AM_DSPDSCLMRDSC', 'yesno', 'int', 32),
(71, 0, 2, 'reg_disclaimer', '_MD_AM_REGDSCLMR', 'While the administrators and moderators of this site will attempt to remove or edit any generally objectionable material as quickly as possible, it is impossible to review every message. Therefore you acknowledge that all posts made to this site express the views and opinions of the author and not the administrators, moderators or webmaster (except for posts by these people) and hence will not be held liable.\r\n\r\nYou agree not to post any abusive, obscene, vulgar, slanderous, hateful, threatening, sexually-orientated or any other material that may violate any applicable laws. Doing so may lead to you being immediately and permanently banned (and your service provider being informed). The IP address of all posts is recorded to aid in enforcing these conditions. Creating multiple accounts for a single user is not allowed. You agree that the webmaster, administrator and moderators of this site have the right to remove, edit, move or close any topic at any time should they see fit. As a user you agree to any information you have entered above being stored in a database. While this information will not be disclosed to any third party without your consent the webmaster, administrator and moderators cannot be held responsible for any hacking attempt that may lead to the data being compromised.\r\n\r\nThis site system uses cookies to store information on your local computer. These cookies do not contain any of the information you have entered above, they serve only to improve your viewing pleasure. The email address is used only for confirming your registration details and password (and for sending new passwords should you forget your current one).\r\n\r\nBy clicking Register below you agree to be bound by these conditions.', '_MD_AM_REGDSCLMRDSC', 'textsarea', 'text', 33),
(72, 0, 2, 'priv_dpolicy', '_MD_AM_PRIVDPOLICY', '0', '_MD_AM_PRIVDPOLICYDSC', 'yesno', 'int', 34),
(73, 0, 2, 'priv_policy', '_MD_AM_PRIVPOLICY', '&lt;p&gt;This privacy policy sets out how {X_SITENAME} uses and protects any information that you provide when you use this website. {X_SITENAME} is committed to ensuring that your privacy is protected. Should we ask you to provide certain information by which you can be identified when using this website, then you can be assured that it will only be used in accordance with this privacy statement. {X_SITENAME} may change this policy from time to time by updating this page. You should check this page from time to time to ensure that you are happy with any changes.\r\n&lt;/p&gt;&lt;p&gt;\r\nThis policy is effective from [date].\r\n&lt;/p&gt;\r\n&lt;h2&gt;What we collect&lt;/h2&gt;\r\n&lt;p&gt;\r\nWe may collect the following information:\r\n&lt;ul&gt;\r\n&lt;li&gt;name and job title&lt;/li&gt;\r\n&lt;li&gt;contact information including email address&lt;/li&gt;\r\n&lt;li&gt;demographic information such as postcode, preferences and interests&lt;/li&gt;\r\n&lt;li&gt;other information relevant to customer surveys and/or offers&lt;/li&gt;&lt;/ul&gt;\r\n&lt;/p&gt;\r\n&lt;h2&gt;What we do with the information we gather&lt;/h2&gt;\r\n&lt;p&gt;\r\nWe require this information to understand your needs and provide you with a better service, and in particular for the following reasons:\r\n&lt;ul&gt;\r\n&lt;li&gt;Internal record keeping.&lt;/li&gt;\r\n&lt;li&gt;We may use the information to improve our products and services.&lt;/li&gt;\r\n&lt;li&gt;We may periodically send promotional email about new products, special offers or other information which we think you may find interesting using the email address which you have provided.&lt;/li&gt;\r\n&lt;li&gt;From time to time, we may also use your information to contact you for market research purposes. We may contact you by email.&lt;/li&gt;\r\n&lt;li&gt;We may use the information to customise the website according to your interests.&lt;/li&gt;&lt;/ul&gt;\r\n&lt;/p&gt;\r\n&lt;h2&gt;Security&lt;/h2&gt;\r\n&lt;p&gt;\r\nWe are committed to ensuring that your information is secure. In order to prevent unauthorised access or disclosure we have put in place suitable physical, electronic and managerial procedures to safeguard and secure the information we collect online.\r\n&lt;/p&gt;\r\n&lt;h2&gt;How we use cookies&lt;/h2&gt;\r\n&lt;p&gt;\r\nA cookie is a small file which asks permission to be placed on your computer&#039;s hard drive. Once you agree, the file is added and the cookie helps analyse web traffic or lets you know when you visit a particular site. Cookies allow web applications to respond to you as an individual. The web application can tailor its operations to your needs, likes and dislikes by gathering and remembering information about your preferences.\r\n&lt;/p&gt;&lt;p&gt;\r\nWe use traffic log cookies to identify which pages are being used & for authenticating you as a registered member. This helps us analyse data about web page traffic and improve our website in order to tailor it to customer needs. We only use this information for statistical analysis purposes and then the data is removed from the system. Overall, cookies help us provide you with a better website, by enabling us to monitor which pages you find useful and which you do not. A cookie in no way gives us access to your computer or any information about you, other than the data you choose to share with us.\r\n&lt;/p&gt;&lt;p&gt;\r\nYou can choose to accept or decline cookies. Most web browsers automatically accept cookies, but you can usually modify your browser setting to decline cookies if you prefer. This may prevent you from taking full advantage of the website including registration and logging in.\r\n&lt;/p&gt;\r\n&lt;h2&gt;Links to other websites&lt;/h2&gt;\r\n&lt;p&gt;\r\nOur website may contain links to enable you to visit other websites of interest easily. However, once you have used these links to leave our site, you should note that we do not have any control over that other website. Therefore, we cannot be responsible for the protection and privacy of any information which you provide whilst visiting such sites and such sites are not governed by this privacy statement. You should exercise caution and look at the privacy statement applicable to the website in question.\r\n&lt;/p&gt;\r\n&lt;h2&gt;Controlling your personal information&lt;/h2&gt;\r\n&lt;p&gt;\r\nYou may choose to restrict the collection or use of your personal information in the following ways:\r\n&lt;ul&gt;\r\n&lt;li&gt;whenever you are asked to fill in a form on the website, look for the box that you can click to indicate that you do not want the information to be used by anybody for direct marketing purposes&lt;/li&gt;\r\n&lt;li&gt;if you have previously agreed to us using your personal information for direct marketing purposes, you may change your mind at any time by writing to or emailing us at [email address]&lt;/li&gt;&lt;/ul&gt;\r\n&lt;/p&gt;&lt;p&gt;\r\nWe will not sell, distribute or lease your personal information to third parties unless we have your permission or are required by law to do so. We may use your personal information to send you promotional information about third parties which we think you may find interesting if you tell us that you wish this to happen. You may request details of personal information which we hold about you under the Data Protection Act 1998. A small fee will be payable. If you would like a copy of the information held on you please write to [address].\r\n&lt;/p&gt;&lt;p&gt;\r\nIf you believe that any information we are holding on you is incorrect or incomplete, please write to or email us as soon as possible, at the above address. We will promptly correct any information found to be incorrect.\r\n&lt;/p&gt;', '_MD_AM_PRIVPOLICYDSC', 'textsarea', 'text', 35),
(74, 0, 2, 'allow_annon_view_prof', '_MD_AM_ALLOW_ANONYMOUS_VIEW_PROFILE', '0', '_MD_AM_ALLOW_ANONYMOUS_VIEW_PROFILE_DESC', 'yesno', 'int', 36),
(75, 0, 2, 'enc_type', '_MD_AM_ENC_TYPE', '1', '_MD_AM_ENC_TYPEDSC', 'select', 'int', 37),
(76, 0, 3, 'meta_keywords', '_MD_AM_METAKEY', '', '_MD_AM_METAKEYDSC', 'textsarea', 'text', 0),
(77, 0, 3, 'meta_description', '_MD_AM_METADESC', 'Formulize is a data management and reporting system that lets you easily create forms on the web, and interact with the data people have submitted.', '_MD_AM_METADESCDSC', 'textsarea', 'text', 1),
(78, 0, 3, 'meta_robots', '_MD_AM_METAROBOTS', 'noindex,nofollow', '_MD_AM_METAROBOTSDSC', 'select', 'text', 2),
(79, 0, 3, 'meta_rating', '_MD_AM_METARATING', 'general', '_MD_AM_METARATINGDSC', 'select', 'text', 3),
(80, 0, 3, 'meta_author', '_MD_AM_METAAUTHOR', 'Formulize', '_MD_AM_METAAUTHORDSC', 'textbox', 'text', 4),
(81, 0, 3, 'meta_copyright', '_MD_AM_METACOPYR', 'Copyright © 2007-2011', '_MD_AM_METACOPYRDSC', 'textbox', 'text', 5),
(82, 0, 3, 'google_meta', '_MD_AM_METAGOOGLE', '', '_MD_AM_METAGOOGLE_DESC', 'textbox', 'text', 6),
(83, 0, 3, 'footer', '_MD_AM_FOOTER', '<a href="http://www.freeformsolutions.ca/formulize/" rel="external" target="_blank">Formulize Standalone Version</a> &copy; 2004-2014 &mdash; <a href="http://www.impresscms.org/" rel="external" target="_blank">The ImpressCMS Project</a> &copy; 2007-2011 ', '_MD_AM_FOOTERDSC', 'textsarea', 'text', 7),
(84, 0, 3, 'use_google_analytics', '_MD_AM_USE_GOOGLE_ANA', '0', '_MD_AM_USE_GOOGLE_ANA_DESC', 'yesno', 'int', 8),
(85, 0, 3, 'google_analytics', '_MD_AM_GOOGLE_ANA', '', '_MD_AM_GOOGLE_ANA_DESC', 'textbox', 'text', 9),
(86, 0, 3, 'footadm', '_MD_AM_FOOTADM', '<a href="http://www.freeformsolutions.ca/formulize/" rel="external" target="_blank">Formulize Standalone Version</a> &copy; 2004-2014 &mdash; <a href="http://www.impresscms.org/" rel="external" target="_blank">The ImpressCMS Project</a> &copy; 2007-2011 ', '_MD_AM_FOOTADM_DESC', 'textsarea', 'text', 10),
(87, 0, 4, 'censor_enable', '_MD_AM_DOCENSOR', '0', '_MD_AM_DOCENSORDSC', 'yesno', 'int', 0),
(88, 0, 4, 'censor_words', '_MD_AM_CENSORWRD', 'a:5:{i:0;s:4:"fuck";i:1;s:4:"shit";i:2;s:4:"cunt";i:3;s:6:"wanker";i:4;s:7:"bastard";}', '_MD_AM_CENSORWRDDSC', 'textsarea', 'array', 1),
(89, 0, 4, 'censor_replace', '_MD_AM_CENSORRPLC', '#OOPS#', '_MD_AM_CENSORRPLCDSC', 'textbox', 'text', 2),
(90, 0, 5, 'enable_search', '_MD_AM_DOSEARCH', '1', '_MD_AM_DOSEARCHDSC', 'yesno', 'int', 0),
(91, 0, 5, 'enable_deep_search', '_MD_AM_DODEEPSEARCH', '1', '_MD_AM_DODEEPSEARCHDSC', 'yesno', 'int', 1),
(92, 0, 5, 'num_shallow_search', '_MD_AM_NUMINITSRCHRSLTS', '5', '_MD_AM_NUMINITSRCHRSLTSDSC', 'textbox', 'int', 2),
(93, 0, 5, 'keyword_min', '_MD_AM_MINSEARCH', '3', '_MD_AM_MINSEARCHDSC', 'textbox', 'int', 3),
(94, 0, 5, 'search_user_date', '_MD_AM_SEARCH_USERDATE', '1', '_MD_AM_SEARCH_USERDATE', 'yesno', 'int', 4),
(95, 0, 5, 'search_no_res_mod', '_MD_AM_SEARCH_NO_RES_MOD', '1', '_MD_AM_SEARCH_NO_RES_MODDSC', 'yesno', 'int', 5),
(96, 0, 5, 'search_per_page', '_MD_AM_SEARCH_PER_PAGE', '20', '_MD_AM_SEARCH_PER_PAGEDSC', 'textbox', 'int', 6),
(97, 0, 6, 'from', '_MD_AM_MAILFROM', '', '_MD_AM_MAILFROMDESC', 'textbox', 'text', 0),
(98, 0, 6, 'fromname', '_MD_AM_MAILFROMNAME', '', '_MD_AM_MAILFROMNAMEDESC', 'textbox', 'text', 1),
(99, 0, 6, 'fromuid', '_MD_AM_MAILFROMUID', '1', '_MD_AM_MAILFROMUIDDESC', 'user', 'int', 2),
(100, 0, 6, 'mailmethod', '_MD_AM_MAILERMETHOD', 'mail', '_MD_AM_MAILERMETHODDESC', 'select', 'text', 3),
(101, 0, 6, 'smtphost', '_MD_AM_SMTPHOST', 'a:1:{i:0;s:0:"";}', '_MD_AM_SMTPHOSTDESC', 'textsarea', 'array', 4),
(102, 0, 6, 'smtpuser', '_MD_AM_SMTPUSER', '', '_MD_AM_SMTPUSERDESC', 'textbox', 'text', 5),
(103, 0, 6, 'smtppass', '_MD_AM_SMTPPASS', '', '_MD_AM_SMTPPASSDESC', 'password', 'text', 6),
(104, 0, 6, 'smtpsecure', '_MD_AM_SMTPSECURE', 'ssl', '_MD_AM_SMTPSECUREDESC', 'select', 'text', 7),
(105, 0, 6, 'smtpauthport', '_MD_AM_SMTPAUTHPORT', '465', '_MD_AM_SMTPAUTHPORTDESC', 'textbox', 'int', 8),
(106, 0, 6, 'sendmailpath', '_MD_AM_SENDMAILPATH', '/usr/sbin/sendmail', '_MD_AM_SENDMAILPATHDESC', 'textbox', 'text', 9),
(107, 0, 7, 'auth_method', '_MD_AM_AUTHMETHOD', 'xoops', '_MD_AM_AUTHMETHODDESC', 'select', 'text', 0),
(108, 0, 7, 'auth_openid', '_MD_AM_AUTHOPENID', '0', '_MD_AM_AUTHOPENIDDSC', 'yesno', 'int', 1),
(109, 0, 7, 'ldap_port', '_MD_AM_LDAP_PORT', '389', '_MD_AM_LDAP_PORT', 'textbox', 'int', 2),
(110, 0, 7, 'ldap_server', '_MD_AM_LDAP_SERVER', 'your directory server', '_MD_AM_LDAP_SERVER_DESC', 'textbox', 'text', 3),
(111, 0, 7, 'ldap_base_dn', '_MD_AM_LDAP_BASE_DN', 'dc=icms,dc=org', '_MD_AM_LDAP_BASE_DN_DESC', 'textbox', 'text', 4),
(112, 0, 7, 'ldap_manager_dn', '_MD_AM_LDAP_MANAGER_DN', 'manager_dn', '_MD_AM_LDAP_MANAGER_DN_DESC', 'textbox', 'text', 5),
(113, 0, 7, 'ldap_manager_pass', '_MD_AM_LDAP_MANAGER_PASS', 'manager_pass', '_MD_AM_LDAP_MANAGER_PASS_DESC', 'password', 'text', 6),
(114, 0, 7, 'ldap_version', '_MD_AM_LDAP_VERSION', '3', '_MD_AM_LDAP_VERSION_DESC', 'textbox', 'text', 7),
(115, 0, 7, 'ldap_users_bypass', '_MD_AM_LDAP_USERS_BYPASS', 'a:1:{i:0;s:5:"admin";}', '_MD_AM_LDAP_USERS_BYPASS_DESC', 'textsarea', 'array', 8),
(116, 0, 7, 'ldap_loginname_asdn', '_MD_AM_LDAP_LOGINNAME_ASDN', 'uid_asdn', '_MD_AM_LDAP_LOGINNAME_ASDN_D', 'yesno', 'int', 9),
(117, 0, 7, 'ldap_loginldap_attr', '_MD_AM_LDAP_LOGINLDAP_ATTR', 'uid', '_MD_AM_LDAP_LOGINLDAP_ATTR_D', 'textbox', 'text', 10),
(118, 0, 7, 'ldap_filter_person', '_MD_AM_LDAP_FILTER_PERSON', '', '_MD_AM_LDAP_FILTER_PERSON_DESC', 'textbox', 'text', 11),
(119, 0, 7, 'ldap_domain_name', '_MD_AM_LDAP_DOMAIN_NAME', 'mydomain', '_MD_AM_LDAP_DOMAIN_NAME_DESC', 'textbox', 'text', 12),
(120, 0, 7, 'ldap_provisionning', '_MD_AM_LDAP_PROVIS', '0', '_MD_AM_LDAP_PROVIS_DESC', 'yesno', 'int', 13),
(121, 0, 7, 'ldap_provisionning_group', '_MD_AM_LDAP_PROVIS_GROUP', 'a:1:{i:0;s:1:"2";}', '_MD_AM_LDAP_PROVIS_GROUP_DSC', 'group_multi', 'array', 14),
(122, 0, 7, 'ldap_mail_attr', '_MD_AM_LDAP_MAIL_ATTR', 'mail', '_MD_AM_LDAP_MAIL_ATTR_DESC', 'textbox', 'text', 15),
(123, 0, 7, 'ldap_givenname_attr', '_MD_AM_LDAP_GIVENNAME_ATTR', 'givenname', '_MD_AM_LDAP_GIVENNAME_ATTR_DSC', 'textbox', 'text', 16),
(124, 0, 7, 'ldap_surname_attr', '_MD_AM_LDAP_SURNAME_ATTR', 'sn', '_MD_AM_LDAP_SURNAME_ATTR_DESC', 'textbox', 'text', 17),
(125, 0, 7, 'ldap_field_mapping', '_MD_AM_LDAP_FIELD_MAPPING_ATTR', 'email=mail|name=displayname', '_MD_AM_LDAP_FIELD_MAPPING_DESC', 'textsarea', 'text', 18),
(126, 0, 7, 'ldap_provisionning_upd', '_MD_AM_LDAP_PROVIS_UPD', '1', '_MD_AM_LDAP_PROVIS_UPD_DESC', 'yesno', 'int', 19),
(127, 0, 7, 'ldap_use_TLS', '_MD_AM_LDAP_USETLS', '0', '_MD_AM_LDAP_USETLS_DESC', 'yesno', 'int', 20),
(128, 0, 8, 'ml_enable', '_MD_AM_ML_ENABLE', '0', '_MD_AM_ML_ENABLEDEC', 'yesno', 'int', 0),
(129, 0, 8, 'ml_autoselect_enabled', '_MD_AM_ML_AUTOSELECT_ENABLED', '0', '_MD_AM_ML_AUTOSELECT_ENABLED_DESC', 'yesno', 'int', 1),
(130, 0, 8, 'ml_tags', '_MD_AM_ML_TAGS', 'en,de', '_MD_AM_ML_TAGSDSC', 'textbox', 'text', 2),
(131, 0, 8, 'ml_names', '_MD_AM_ML_NAMES', 'english,german', '_MD_AM_ML_NAMESDSC', 'textbox', 'text', 3),
(132, 0, 8, 'ml_captions', '_MD_AM_ML_CAPTIONS', 'English,Deutsch', '_MD_AM_ML_CAPTIONSDSC', 'textbox', 'text', 4),
(133, 0, 8, 'ml_charset', '_MD_AM_ML_CHARSET', 'UTF-8,UTF-8', '_MD_AM_ML_CHARSETDSC', 'textbox', 'text', 5),
(134, 0, 10, 'adm_left_logo', '_MD_AM_LLOGOADM', '/uploads/imagemanager/logos/img482278e29e81c.png', '_MD_AM_LLOGOADM_DESC', 'select_image', 'text', 0),
(135, 0, 10, 'adm_left_logo_url', '_MD_AM_LLOGOADM_URL', '', '_MD_AM_LLOGOADM_URL_DESC', 'textbox', 'text', 1),
(136, 0, 10, 'adm_left_logo_alt', '_MD_AM_LLOGOADM_ALT', 'ImpressCMS', '_MD_AM_LLOGOADM_ALT_DESC', 'textbox', 'text', 2),
(137, 0, 10, 'adm_right_logo', '_MD_AM_RLOGOADM', '', '_MD_AM_RLOGOADM_DESC', 'select_image', 'text', 3),
(138, 0, 10, 'adm_right_logo_url', '_MD_AM_RLOGOADM_URL', '', '_MD_AM_RLOGOADM_URL_DESC', 'textbox', 'text', 4),
(139, 0, 10, 'adm_right_logo_alt', '_MD_AM_RLOGOADM_ALT', '', '_MD_AM_RLOGOADM_ALT_DESC', 'textbox', 'text', 5),
(140, 0, 10, 'rss_local', '_MD_AM_RSSLOCAL', 'http://community.impresscms.org/modules/smartsection/backend.php', '_MD_AM_RSSLOCAL_DESC', 'textbox', 'text', 6),
(141, 0, 10, 'editre_block', '_MD_AM_EDITREMOVEBLOCK', '1', '_MD_AM_EDITREMOVEBLOCKDSC', 'yesno', 'int', 7),
(142, 0, 10, 'use_custom_redirection', '_MD_AM_CUSTOMRED', '1', '_MD_AM_CUSTOMREDDSC', 'yesno', 'int', 8),
(143, 0, 10, 'multi_login', '_MD_AM_MULTLOGINPREVENT', '0', '_MD_AM_MULTLOGINPREVENTDSC', 'yesno', 'int', 9),
(144, 0, 10, 'email_protect', '_MD_AM_EMAILPROTECT', '0', '_MD_AM_EMAILPROTECTDSC', 'select', 'text', 10),
(145, 0, 10, 'email_font', '_MD_AM_EMAILTTF', 'arial.ttf', '_MD_AM_EMAILTTF_DESC', 'select_font', 'text', 11),
(146, 0, 10, 'email_font_len', '_MD_AM_EMAILLEN', '12', '_MD_AM_EMAILLEN_DESC', 'textbox', 'int', 12),
(147, 0, 10, 'email_cor', '_MD_AM_EMAILCOLOR', '#000000', '_MD_AM_EMAILCOLOR_DESC', 'color', 'text', 13),
(148, 0, 10, 'email_shadow', '_MD_AM_EMAILSHADOW', '#cccccc', '_MD_AM_EMAILSHADOW_DESC', 'color', 'text', 14),
(149, 0, 10, 'shadow_x', '_MD_AM_SHADOWX', '2', '_MD_AM_SHADOWX_DESC', 'textbox', 'int', 15),
(150, 0, 10, 'shadow_y', '_MD_AM_SHADOWY', '2', '_MD_AM_SHADOWY_DESC', 'textbox', 'int', 16),
(151, 0, 10, 'recprvkey', '_MD_AM_RECPRVKEY', '', '_MD_AM_RECPRVKEY_DESC', 'textbox', 'text', 17),
(152, 0, 10, 'recpubkey', '_MD_AM_RECPUBKEY', '', '_MD_AM_RECPUBKEY_DESC', 'textbox', 'text', 18),
(153, 0, 10, 'shorten_url', '_MD_AM_SHORTURL', '0', '_MD_AM_SHORTURLDSC', 'yesno', 'int', 19),
(154, 0, 10, 'max_url_long', '_MD_AM_URLLEN', '50', '_MD_AM_URLLEN_DESC', 'textbox', 'int', 20),
(155, 0, 10, 'pre_chars_left', '_MD_AM_PRECHARS', '35', '_MD_AM_PRECHARS_DESC', 'textbox', 'int', 21),
(156, 0, 10, 'last_chars_left', '_MD_AM_LASTCHARS', '10', '_MD_AM_LASTCHARS_DESC', 'textbox', 'int', 22),
(157, 0, 10, 'show_impresscms_menu', '_MD_AM_SHOW_ICMSMENU', '1', '_MD_AM_SHOW_ICMSMENU_DESC', 'yesno', 'int', 23),
(158, 0, 10, 'use_jsjalali', '_MD_AM_JALALICAL', '1', '_MD_AM_JALALICALDSC', 'yesno', 'int', 24),
(159, 0, 10, 'pagstyle', '_MD_AM_PAGISTYLE', 'default', '_MD_AM_PAGISTYLE_DESC', 'select_paginati', 'text', 25),
(160, 0, 11, 'captcha_mode', '_MD_AM_CAPTCHA_MODE', 'image', '_MD_AM_CAPTCHA_MODEDSC', 'select', 'text', 0),
(161, 0, 11, 'captcha_skipmember', '_MD_AM_CAPTCHA_SKIPMEMBER', 'a:1:{i:0;s:1:"2";}', '_MD_AM_CAPTCHA_SKIPMEMBERDSC', 'group_multi', 'array', 1),
(162, 0, 11, 'captcha_casesensitive', '_MD_AM_CAPTCHA_CASESENS', '0', '_MD_AM_CAPTCHA_CASESENSDSC', 'yesno', 'int', 2),
(163, 0, 11, 'captcha_skip_characters', '_MD_AM_CAPTCHA_SKIPCHAR', 'a:5:{i:0;s:1:"o";i:1;s:1:"0";i:2;s:1:"i";i:3;s:1:"l";i:4;s:1:"1";}', '_MD_AM_CAPTCHA_SKIPCHARDSC', 'textsarea', 'array', 3),
(164, 0, 11, 'captcha_maxattempt', '_MD_AM_CAPTCHA_MAXATTEMP', '8', '_MD_AM_CAPTCHA_MAXATTEMPDSC', 'textbox', 'int', 4),
(165, 0, 11, 'captcha_num_chars', '_MD_AM_CAPTCHA_NUMCHARS', '4', '_MD_AM_CAPTCHA_NUMCHARSDSC', 'textbox', 'int', 5),
(166, 0, 11, 'captcha_fontsize_min', '_MD_AM_CAPTCHA_FONTMIN', '10', '_MD_AM_CAPTCHA_FONTMINDSC', 'textbox', 'int', 6),
(167, 0, 11, 'captcha_fontsize_max', '_MD_AM_CAPTCHA_FONTMAX', '12', '_MD_AM_CAPTCHA_FONTMAXDSC', 'textbox', 'int', 7),
(168, 0, 11, 'captcha_background_type', '_MD_AM_CAPTCHA_BGTYPE', '100', '_MD_AM_CAPTCHA_BGTYPEDSC', 'select', 'text', 8),
(169, 0, 11, 'captcha_background_num', '_MD_AM_CAPTCHA_BGNUM', '50', '_MD_AM_CAPTCHA_BGNUMDSC', 'textbox', 'int', 9),
(170, 0, 11, 'captcha_polygon_point', '_MD_AM_CAPTCHA_POLPNT', '3', '_MD_AM_CAPTCHA_POLPNTDSC', 'textbox', 'int', 10),
(171, 0, 12, 'sanitizer_plugins', '_MD_AM_SELECTSPLUGINS', 'a:2:{i:0;s:18:"syntaxhighlightphp";i:1;s:13:"hiddencontent";}', '_MD_AM_SELECTSPLUGINS_DESC', 'select_plugin', 'array', 0),
(172, 0, 12, 'code_sanitizer', '_MD_AM_SELECTSHIGHLIGHT', 'none', '_MD_AM_SELECTSHIGHLIGHT_DESC', 'select', 'text', 1),
(173, 0, 12, 'geshi_default', '_MD_AM_GESHI_DEFAULT', 'php', '_MD_AM_GESHI_DEFAULT_DESC', 'select_geshi', 'text', 2),
(174, 0, 13, 'autotasks_system', '_MD_AM_AUTOTASKS_SYSTEM', 'internal', '_MD_AM_AUTOTASKS_SYSTEMDSC', 'autotasksystem', 'text', 0),
(175, 0, 13, 'autotasks_helper', '_MD_AM_AUTOTASKS_HELPER', 'wget %url%', '_MD_AM_AUTOTASKS_HELPERDSC', 'select', 'text', 1),
(176, 0, 13, 'autotasks_helper_path', '_MD_AM_AUTOTASKS_HELPER_PATH', '/usr/bin/', '_MD_AM_AUTOTASKS_HELPER_PATHDSC', 'text', 'text', 2),
(177, 0, 13, 'autotasks_user', '_MD_AM_AUTOTASKS_USER', '', '_MD_AM_AUTOTASKS_USERDSC', 'text', 'text', 3),
(178, 0, 14, 'enable_purifier', '_MD_AM_PURIFIER_ENABLE', '1', '_MD_AM_PURIFIER_ENABLEDSC', 'yesno', 'int', 0),
(179, 0, 14, 'purifier_URI_DefinitionID', '_MD_AM_PURIFIER_URI_DEFID', 'system', '_MD_AM_PURIFIER_URI_DEFIDDSC', 'textbox', 'text', 1),
(180, 0, 14, 'purifier_URI_DefinitionRev', '_MD_AM_PURIFIER_URI_DEFREV', '1', '_MD_AM_PURIFIER_URI_DEFREVDSC', 'textbox', 'int', 2),
(181, 0, 14, 'purifier_URI_Host', '_MD_AM_PURIFIER_URI_HOST', '127.0.0.1', '_MD_AM_PURIFIER_URI_HOSTDSC', 'textbox', 'text', 3),
(182, 0, 14, 'purifier_URI_Base', '_MD_AM_PURIFIER_URI_BASE', '127.0.0.1', '_MD_AM_PURIFIER_URI_BASEDSC', 'textbox', 'text', 4),
(183, 0, 14, 'purifier_URI_Disable', '_MD_AM_PURIFIER_URI_DISABLE', '0', '_MD_AM_PURIFIER_URI_DISABLEDSC', 'yesno', 'int', 5),
(184, 0, 14, 'purifier_URI_DisableExternal', '_MD_AM_PURIFIER_URI_DISABLEEXT', '0', '_MD_AM_PURIFIER_URI_DISABLEEXTDSC', 'yesno', 'int', 6),
(185, 0, 14, 'purifier_URI_DisableExternalResources', '_MD_AM_PURIFIER_URI_DISABLEEXTRES', '0', '_MD_AM_PURIFIER_URI_DISABLEEXTRESDSC', 'yesno', 'int', 7),
(186, 0, 14, 'purifier_URI_DisableResources', '_MD_AM_PURIFIER_URI_DISABLERES', '0', '_MD_AM_PURIFIER_URI_DISABLERESDSC', 'yesno', 'int', 8),
(187, 0, 14, 'purifier_URI_MakeAbsolute', '_MD_AM_PURIFIER_URI_MAKEABS', '0', '_MD_AM_PURIFIER_URI_MAKEABSDSC', 'yesno', 'int', 9),
(188, 0, 14, 'purifier_URI_HostBlacklist', '_MD_AM_PURIFIER_URI_BLACKLIST', '', '_MD_AM_PURIFIER_URI_BLACKLISTDSC', 'textsarea', 'array', 10),
(189, 0, 14, 'purifier_URI_AllowedSchemes', '_MD_AM_PURIFIER_URI_ALLOWSCHEME', 'a:6:{i:0;s:4:"http";i:1;s:5:"https";i:2;s:6:"mailto";i:3;s:3:"ftp";i:4;s:4:"nntp";i:5;s:4:"news";}', '_MD_AM_PURIFIER_URI_ALLOWSCHEMEDSC', 'textsarea', 'array', 11),
(190, 0, 14, 'purifier_HTML_DefinitionID', '_MD_AM_PURIFIER_HTML_DEFID', 'system', '_MD_AM_PURIFIER_HTML_DEFIDDSC', 'textbox', 'text', 12),
(191, 0, 14, 'purifier_HTML_DefinitionRev', '_MD_AM_PURIFIER_HTML_DEFREV', '1', '_MD_AM_PURIFIER_HTML_DEFREVDSC', 'textbox', 'int', 13),
(192, 0, 14, 'purifier_HTML_Doctype', '_MD_AM_PURIFIER_HTML_DOCTYPE', 'XHTML 1.0 Transitional', '_MD_AM_PURIFIER_HTML_DOCTYPEDSC', 'select', 'text', 14),
(193, 0, 14, 'purifier_HTML_TidyLevel', '_MD_AM_PURIFIER_HTML_TIDYLEVEL', 'medium', '_MD_AM_PURIFIER_HTML_TIDYLEVELDSC', 'select', 'text', 15),
(194, 0, 14, 'purifier_HTML_AllowedElements', '_MD_AM_PURIFIER_HTML_ALLOWELE', 'a:48:{i:0;s:1:"a";i:1;s:4:"abbr";i:2;s:7:"acronym";i:3;s:1:"b";i:4;s:10:"blockquote";i:5;s:2:"br";i:6;s:7:"caption";i:7;s:4:"cite";i:8;s:4:"code";i:9;s:2:"dd";i:10;s:3:"del";i:11;s:3:"dfn";i:12;s:3:"div";i:13;s:2:"dl";i:14;s:2:"dt";i:15;s:2:"em";i:16;s:4:"font";i:17;s:2:"h1";i:18;s:2:"h2";i:19;s:2:"h3";i:20;s:2:"h4";i:21;s:2:"h5";i:22;s:2:"h6";i:23;s:1:"i";i:24;s:3:"img";i:25;s:3:"ins";i:26;s:3:"kbd";i:27;s:2:"li";i:28;s:2:"ol";i:29;s:1:"p";i:30;s:3:"pre";i:31;s:1:"s";i:32;s:4:"span";i:33;s:6:"strike";i:34;s:6:"strong";i:35;s:3:"sub";i:36;s:3:"sup";i:37;s:5:"table";i:38;s:5:"tbody";i:39;s:2:"td";i:40;s:5:"tfoot";i:41;s:2:"th";i:42;s:5:"thead";i:43;s:2:"tr";i:44;s:2:"tt";i:45;s:1:"u";i:46;s:2:"ul";i:47;s:3:"var";}', '_MD_AM_PURIFIER_HTML_ALLOWELEDSC', 'textsarea', 'array', 16),
(195, 0, 14, 'purifier_HTML_AllowedAttributes', '_MD_AM_PURIFIER_HTML_ALLOWATTR', 'a:67:{i:0;s:7:"a.class";i:1;s:6:"a.href";i:2;s:4:"a.id";i:3;s:6:"a.name";i:4;s:5:"a.rev";i:5;s:7:"a.style";i:6;s:7:"a.title";i:7;s:8:"a.target";i:8;s:5:"a.rel";i:9;s:10:"abbr.title";i:10;s:13:"acronym.title";i:11;s:15:"blockquote.cite";i:12;s:9:"div.align";i:13;s:9:"div.style";i:14;s:9:"div.class";i:15;s:6:"div.id";i:16;s:9:"font.size";i:17;s:10:"font.color";i:18;s:8:"h1.style";i:19;s:8:"h2.style";i:20;s:8:"h3.style";i:21;s:8:"h4.style";i:22;s:8:"h5.style";i:23;s:8:"h6.style";i:24;s:7:"img.src";i:25;s:7:"img.alt";i:26;s:9:"img.title";i:27;s:9:"img.class";i:28;s:9:"img.align";i:29;s:9:"img.style";i:30;s:10:"img.height";i:31;s:9:"img.width";i:32;s:8:"li.style";i:33;s:8:"ol.style";i:34;s:7:"p.style";i:35;s:10:"span.style";i:36;s:10:"span.class";i:37;s:7:"span.id";i:38;s:11:"table.class";i:39;s:8:"table.id";i:40;s:12:"table.border";i:41;s:17:"table.cellpadding";i:42;s:17:"table.cellspacing";i:43;s:11:"table.style";i:44;s:11:"table.width";i:45;s:7:"td.abbr";i:46;s:8:"td.align";i:47;s:8:"td.class";i:48;s:5:"td.id";i:49;s:10:"td.colspan";i:50;s:10:"td.rowspan";i:51;s:8:"td.style";i:52;s:9:"td.valign";i:53;s:8:"tr.align";i:54;s:8:"tr.class";i:55;s:5:"tr.id";i:56;s:8:"tr.style";i:57;s:9:"tr.valign";i:58;s:7:"th.abbr";i:59;s:8:"th.align";i:60;s:8:"th.class";i:61;s:5:"th.id";i:62;s:10:"th.colspan";i:63;s:10:"th.rowspan";i:64;s:8:"th.style";i:65;s:9:"th.valign";i:66;s:8:"ul.style";}', '_MD_AM_PURIFIER_HTML_ALLOWATTRDSC', 'textsarea', 'array', 17),
(196, 0, 14, 'purifier_HTML_ForbiddenElements', '_MD_AM_PURIFIER_HTML_FORBIDELE', '', '_MD_AM_PURIFIER_HTML_FORBIDELEDSC', 'textsarea', 'array', 18),
(197, 0, 14, 'purifier_HTML_ForbiddenAttributes', '_MD_AM_PURIFIER_HTML_FORBIDATTR', '', '_MD_AM_PURIFIER_HTML_FORBIDATTRDSC', 'textsarea', 'array', 19),
(198, 0, 14, 'purifier_HTML_MaxImgLength', '_MD_AM_PURIFIER_HTML_MAXIMGLENGTH', '1200', '_MD_AM_PURIFIER_HTML_MAXIMGLENGTHDSC', 'textbox', 'int', 20),
(199, 0, 14, 'purifier_HTML_SafeEmbed', '_MD_AM_PURIFIER_HTML_SAFEEMBED', '0', '_MD_AM_PURIFIER_HTML_SAFEEMBEDDSC', 'yesno', 'int', 21),
(200, 0, 14, 'purifier_HTML_SafeObject', '_MD_AM_PURIFIER_HTML_SAFEOBJECT', '0', '_MD_AM_PURIFIER_HTML_SAFEOBJECTDSC', 'yesno', 'int', 22),
(201, 0, 14, 'purifier_HTML_AttrNameUseCDATA', '_MD_AM_PURIFIER_HTML_ATTRNAMEUSECDATA', '0', '_MD_AM_PURIFIER_HTML_ATTRNAMEUSECDATADSC', 'yesno', 'int', 23),
(202, 0, 14, 'purifier_Filter_ExtractStyleBlocks', '_MD_AM_PURIFIER_FILTER_EXTRACTSTYLEBLK', '1', '_MD_AM_PURIFIER_FILTER_EXTRACTSTYLEBLKDSC', 'yesno', 'int', 26),
(203, 0, 14, 'purifier_Filter_ExtractStyleBlocks_Escaping', '_MD_AM_PURIFIER_FILTER_EXTRACTSTYLEESC', '1', '_MD_AM_PURIFIER_FILTER_EXTRACTSTYLEESCDSC', 'yesno', 'int', 27),
(204, 0, 14, 'purifier_Filter_ExtractStyleBlocks_Scope', '_MD_AM_PURIFIER_FILTER_EXTRACTSTYLEBLKSCOPE', '', '_MD_AM_PURIFIER_FILTER_EXTRACTSTYLEBLKSCOPEDSC', 'textsarea', 'text', 28),
(205, 0, 14, 'purifier_Filter_YouTube', '_MD_AM_PURIFIER_FILTER_ENABLEYOUTUBE', '1', '_MD_AM_PURIFIER_FILTER_ENABLEYOUTUBEDSC', 'yesno', 'int', 29),
(206, 0, 14, 'purifier_Core_EscapeNonASCIICharacters', '_MD_AM_PURIFIER_CORE_ESCNONASCIICHARS', '1', '_MD_AM_PURIFIER_CORE_ESCNONASCIICHARSDSC', 'yesno', 'int', 31),
(207, 0, 14, 'purifier_Core_HiddenElements', '_MD_AM_PURIFIER_CORE_HIDDENELE', 'a:2:{i:0;s:6:"script";i:1;s:5:"style";}', '_MD_AM_PURIFIER_CORE_HIDDENELEDSC', 'textsarea', 'array', 32),
(208, 0, 14, 'purifier_Core_RemoveInvalidImg', '_MD_AM_PURIFIER_CORE_REMINVIMG', '1', '_MD_AM_PURIFIER_CORE_REMINVIMGDSC', 'yesno', 'int', 33),
(209, 0, 14, 'purifier_AutoFormat_AutoParagraph', '_MD_AM_PURIFIER_AUTO_AUTOPARA', '0', '_MD_AM_PURIFIER_AUTO_AUTOPARADSC', 'yesno', 'int', 35),
(210, 0, 14, 'purifier_AutoFormat_DisplayLinkURI', '_MD_AM_PURIFIER_AUTO_DISPLINKURI', '0', '_MD_AM_PURIFIER_AUTO_DISPLINKURIDSC', 'yesno', 'int', 36),
(211, 0, 14, 'purifier_AutoFormat_Linkify', '_MD_AM_PURIFIER_AUTO_LINKIFY', '1', '_MD_AM_PURIFIER_AUTO_LINKIFYDSC', 'yesno', 'int', 37),
(212, 0, 14, 'purifier_AutoFormat_PurifierLinkify', '_MD_AM_PURIFIER_AUTO_PURILINKIFY', '0', '_MD_AM_PURIFIER_AUTO_PURILINKIFYDSC', 'yesno', 'int', 38),
(213, 0, 14, 'purifier_AutoFormat_Custom', '_MD_AM_PURIFIER_AUTO_CUSTOM', '', '_MD_AM_PURIFIER_AUTO_CUSTOMDSC', 'textsarea', 'array', 39),
(214, 0, 14, 'purifier_AutoFormat_RemoveEmpty', '_MD_AM_PURIFIER_AUTO_REMOVEEMPTY', '0', '_MD_AM_PURIFIER_AUTO_REMOVEEMPTYDSC', 'yesno', 'int', 40),
(215, 0, 14, 'purifier_AutoFormat_RemoveEmptyNbsp', '_MD_AM_PURIFIER_AUTO_REMOVEEMPTYNBSP', '0', '_MD_AM_PURIFIER_AUTO_REMOVEEMPTYNBSPDSC', 'yesno', 'int', 41),
(216, 0, 14, 'purifier_AutoFormat_RemoveEmptyNbspExceptions', '_MD_AM_PURIFIER_AUTO_REMOVEEMPTYNBSPEXCEPT', 'a:2:{i:0;s:2:"td";i:1;s:2:"th";}', '_MD_AM_PURIFIER_AUTO_REMOVEEMPTYNBSPEXCEPTDSC', 'textsarea', 'array', 42),
(217, 0, 14, 'purifier_Attr_AllowedFrameTargets', '_MD_AM_PURIFIER_ATTR_ALLOWFRAMETARGET', 'a:4:{i:0;s:6:"_blank";i:1;s:7:"_parent";i:2;s:5:"_self";i:3;s:4:"_top";}', '_MD_AM_PURIFIER_ATTR_ALLOWFRAMETARGETDSC', 'textsarea', 'array', 43),
(218, 0, 14, 'purifier_Attr_AllowedRel', '_MD_AM_PURIFIER_ATTR_ALLOWREL', 'a:4:{i:0;s:8:"external";i:1;s:8:"nofollow";i:2;s:17:"external nofollow";i:3;s:8:"lightbox";}', '_MD_AM_PURIFIER_ATTR_ALLOWRELDSC', 'textsarea', 'array', 44),
(219, 0, 14, 'purifier_Attr_AllowedClasses', '_MD_AM_PURIFIER_ATTR_ALLOWCLASSES', '', '_MD_AM_PURIFIER_ATTR_ALLOWCLASSESDSC', 'textsarea', 'array', 45),
(220, 0, 14, 'purifier_Attr_ForbiddenClasses', '_MD_AM_PURIFIER_ATTR_FORBIDDENCLASSES', '', '_MD_AM_PURIFIER_ATTR_FORBIDDENCLASSESDSC', 'textsarea', 'array', 46),
(221, 0, 14, 'purifier_Attr_DefaultInvalidImage', '_MD_AM_PURIFIER_ATTR_DEFINVIMG', '', '_MD_AM_PURIFIER_ATTR_DEFINVIMGDSC', 'textbox', 'text', 47),
(222, 0, 14, 'purifier_Attr_DefaultInvalidImageAlt', '_MD_AM_PURIFIER_ATTR_DEFINVIMGALT', '', '_MD_AM_PURIFIER_ATTR_DEFINVIMGALTDSC', 'textbox', 'text', 48),
(223, 0, 14, 'purifier_Attr_DefaultImageAlt', '_MD_AM_PURIFIER_ATTR_DEFIMGALT', '', '_MD_AM_PURIFIER_ATTR_DEFIMGALTDSC', 'textbox', 'text', 49),
(224, 0, 14, 'purifier_Attr_ClassUseCDATA', '_MD_AM_PURIFIER_ATTR_CLASSUSECDATA', '1', '_MD_AM_PURIFIER_ATTR_CLASSUSECDATADSC', 'yesno', 'int', 50),
(225, 0, 14, 'purifier_Attr_EnableID', '_MD_AM_PURIFIER_ATTR_ENABLEID', '1', '_MD_AM_PURIFIER_ATTR_ENABLEIDDSC', 'yesno', 'int', 51),
(226, 0, 14, 'purifier_Attr_IDPrefix', '_MD_AM_PURIFIER_ATTR_IDPREFIX', '', '_MD_AM_PURIFIER_ATTR_IDPREFIXDSC', 'textbox', 'text', 52),
(227, 0, 14, 'purifier_Attr_IDPrefixLocal', '_MD_AM_PURIFIER_ATTR_IDPREFIXLOCAL', '', '_MD_AM_PURIFIER_ATTR_IDPREFIXLOCALDSC', 'textbox', 'text', 53),
(228, 0, 14, 'purifier_Attr_IDBlacklist', '_MD_AM_PURIFIER_ATTR_IDBLACKLIST', '', '_MD_AM_PURIFIER_ATTR_IDBLACKLISTDSC', 'textsarea', 'array', 54),
(229, 0, 14, 'purifier_CSS_DefinitionRev', '_MD_AM_PURIFIER_CSS_DEFREV', '1', '_MD_AM_PURIFIER_CSS_DEFREVDSC', 'textbox', 'int', 55),
(230, 0, 14, 'purifier_CSS_AllowImportant', '_MD_AM_PURIFIER_CSS_ALLOWIMPORTANT', '1', '_MD_AM_PURIFIER_CSS_ALLOWIMPORTANTDSC', 'yesno', 'int', 56),
(231, 0, 14, 'purifier_CSS_AllowTricky', '_MD_AM_PURIFIER_CSS_ALLOWTRICKY', '1', '_MD_AM_PURIFIER_CSS_ALLOWTRICKYDSC', 'yesno', 'int', 57),
(232, 0, 14, 'purifier_CSS_AllowedProperties', '_MD_AM_PURIFIER_CSS_ALLOWPROP', '', '_MD_AM_PURIFIER_CSS_ALLOWPROPDSC', 'textsarea', 'array', 58),
(233, 0, 14, 'purifier_CSS_MaxImgLength', '_MD_AM_PURIFIER_CSS_MAXIMGLEN', '1200px', '_MD_AM_PURIFIER_CSS_MAXIMGLENDSC', 'textbox', 'text', 59),
(234, 0, 14, 'purifier_CSS_Proprietary', '_MD_AM_PURIFIER_CSS_PROPRIETARY', '1', '_MD_AM_PURIFIER_CSS_PROPRIETARYDSC', 'yesno', 'int', 60),
(235, 0, 14, 'purifier_HTML_FlashAllowFullScreen', '_MD_AM_PURIFIER_HTML_FLASHFULLSCRN', '0', '_MD_AM_PURIFIER_HTML_FLASHFULLSCRNDSC', 'yesno', 'int', 24),
(236, 0, 14, 'purifier_Output_FlashCompat', '_MD_AM_PURIFIER_OUTPUT_FLASHCOMPAT', '0', '_MD_AM_PURIFIER_OUTPUT_FLASHCOMPATDSC', 'yesno', 'int', 24),
(237, 0, 14, 'purifier_Filter_AllowCustom', '_MD_AM_PURIFIER_FILTER_ALLOWCUSTOM', '0', '_MD_AM_PURIFIER_FILTER_ALLOWCUSTOMDSC', 'yesno', 'int', 30),
(238, 0, 14, 'purifier_Core_NormalizeNewlines', '_MD_AM_PURIFIER_CORE_NORMALNEWLINES', '1', '_MD_AM_PURIFIER_CORE_NORMALNEWLINESDSC', 'yesno', 'int', 34),
(239, REPLACE_WITH_CONTENT_MODULE_ID, 0, 'default_page', '_MI_CONTENT_CONTPAGE', '0', '_MI_CONTENT_CONTPAGEDSC', 'select_pages', 'int', 0),
(240, REPLACE_WITH_CONTENT_MODULE_ID, 0, 'poster_groups', '_MI_CONTENT_AUTHORGR', 'a:1:{i:0;s:1:"1";}', '_MI_CONTENT_AUTHORGRDSC', 'group_multi', 'array', 1),
(241, REPLACE_WITH_CONTENT_MODULE_ID, 0, 'contents_limit', '_MI_CONTENT_LIMIT', '5', '_MI_CONTENT_LIMITDSC', 'textbox', 'text', 2),
(242, REPLACE_WITH_CONTENT_MODULE_ID, 0, 'show_breadcrumb', '_MI_CONTENT_SHOWBREADCRUMB', '1', '_MI_CONTENT_SHOWBREADCRUMBDSC', 'yesno', 'int', 3),
(243, REPLACE_WITH_CONTENT_MODULE_ID, 0, 'show_relateds', '_MI_CONTENT_SHOWRELATEDS', '1', '_MI_CONTENT_SHOWRELATEDSDSC', 'yesno', 'int', 4),
(244, REPLACE_WITH_CONTENT_MODULE_ID, 0, 'show_contentinfo', '_MI_CONTENT_SHOWINFO', '1', '_MI_CONTENT_SHOWINFODSC', 'yesno', 'int', 5),
(245, REPLACE_WITH_CONTENT_MODULE_ID, 0, 'com_rule', '_CM_COMRULES', '1', '', 'select', 'int', 6),
(246, REPLACE_WITH_CONTENT_MODULE_ID, 0, 'com_anonpost', '_CM_COMANONPOST', '0', '', 'yesno', 'int', 7),
(247, REPLACE_WITH_CONTENT_MODULE_ID, 0, 'notification_enabled', '_NOT_CONFIG_ENABLE', '3', '_NOT_CONFIG_ENABLEDSC', 'select', 'int', 8),
(248, REPLACE_WITH_CONTENT_MODULE_ID, 0, 'notification_events', '_NOT_CONFIG_EVENTS', 'a:1:{i:0;s:24:"global-content_published";}', '_NOT_CONFIG_EVENTSDSC', 'select_multi', 'array', 9),
(249, REPLACE_WITH_FORMULIZE_MODULE_ID, 0, 't_width', '_MI_formulize_TEXT_WIDTH', '30', '', 'textbox', 'int', 0),
(250, REPLACE_WITH_FORMULIZE_MODULE_ID, 0, 't_max', '_MI_formulize_TEXT_MAX', '255', '', 'textbox', 'int', 1),
(251, REPLACE_WITH_FORMULIZE_MODULE_ID, 0, 'ta_rows', '_MI_formulize_TAREA_ROWS', '5', '', 'textbox', 'int', 2),
(252, REPLACE_WITH_FORMULIZE_MODULE_ID, 0, 'ta_cols', '_MI_formulize_TAREA_COLS', '35', '', 'textbox', 'int', 3),
(253, REPLACE_WITH_FORMULIZE_MODULE_ID, 0, 'delimeter', '_MI_formulize_DELIMETER', 'br', '', 'select', 'text', 4),
(254, REPLACE_WITH_FORMULIZE_MODULE_ID, 0, 'profileForm', '_MI_formulize_PROFILEFORM', '0', '', 'select', 'int', 5),
(255, REPLACE_WITH_FORMULIZE_MODULE_ID, 0, 'all_done_singles', '_MI_formulize_ALL_DONE_SINGLES', '1', '_MI_formulize_SINGLESDESC', 'yesno', 'int', 6),
(256, REPLACE_WITH_FORMULIZE_MODULE_ID, 0, 'LOE_limit', '_MI_formulize_LOE_limit', '5000', '_MI_formulize_LOE_limit_DESC', 'textbox', 'int', 7),
(257, REPLACE_WITH_FORMULIZE_MODULE_ID, 0, 'useToken', '_MI_formulize_USETOKEN', '1', '_MI_formulize_USETOKENDESC', 'yesno', 'int', 8),
(258, REPLACE_WITH_FORMULIZE_MODULE_ID, 0, 'number_decimals', '_MI_formulize_NUMBER_DECIMALS', '0', '_MI_formulize_NUMBER_DECIMALS_DESC', 'textbox', 'int', 9),
(259, REPLACE_WITH_FORMULIZE_MODULE_ID, 0, 'number_prefix', '_MI_formulize_NUMBER_PREFIX', '', '_MI_formulize_NUMBER_PREFIX_DESC', 'textbox', 'text', 10),
(260, REPLACE_WITH_FORMULIZE_MODULE_ID, 0, 'number_decimalsep', '_MI_formulize_NUMBER_DECIMALSEP', '.', '', 'textbox', 'text', 11),
(261, REPLACE_WITH_FORMULIZE_MODULE_ID, 0, 'number_sep', '_MI_formulize_NUMBER_SEP', ',', '', 'textbox', 'text', 12),
(262, REPLACE_WITH_FORMULIZE_MODULE_ID, 0, 'heading_help_link', '_MI_formulize_HEADING_HELP_LINK', '1', '_MI_formulize_HEADING_HELP_LINK_DESC', 'yesno', 'int', 13),
(263, REPLACE_WITH_FORMULIZE_MODULE_ID, 0, 'useCache', '_MI_formulize_USECACHE', '1', '_MI_formulize_USECACHEDESC', 'yesno', 'int', 14),
(264, REPLACE_WITH_FORMULIZE_MODULE_ID, 0, 'downloadDefaultToExcel', '_MI_formulize_DOWNLOADDEFAULT', '0', '_MI_formulize_DOWNLOADDEFAULT_DESC', 'yesno', 'int', 15),
(265, REPLACE_WITH_FORMULIZE_MODULE_ID, 0, 'notification_enabled', '_NOT_CONFIG_ENABLE', '3', '_NOT_CONFIG_ENABLEDSC', 'select', 'int', 16),
(266, REPLACE_WITH_FORMULIZE_MODULE_ID, 0, 'notification_events', '_NOT_CONFIG_EVENTS', 'a:3:{i:0;s:14:"form-new_entry";i:1;s:17:"form-update_entry";i:2;s:17:"form-delete_entry";}', '_NOT_CONFIG_EVENTSDSC', 'select_multi', 'array', 17),
(267, REPLACE_WITH_PROFILE_MODULE_ID, 0, 'profile_social', '_MI_PROFILE_PROFILE_SOCIAL', '0', '_MI_PROFILE_PROFILE_SOCIAL_DESC', 'yesno', 'int', 0),
(268, REPLACE_WITH_PROFILE_MODULE_ID, 0, 'profile_search', '_MI_PROFILE_PROFILE_SEARCH', '0', '_MI_PROFILE_PROFILE_SEARCH_DSC', 'yesno', 'int', 1),
(269, REPLACE_WITH_PROFILE_MODULE_ID, 0, 'show_empty', '_MI_PROFILE_SHOWEMPTY', '0', '_MI_PROFILE_SHOWEMPTY_DESC', 'yesno', 'int', 2),
(270, REPLACE_WITH_PROFILE_MODULE_ID, 0, 'index_real_name', '_MI_PROFILE_DISPNAME', 'nick', '_MI_PROFILE_DISPNAME_DESC', 'select', 'text', 3),
(271, REPLACE_WITH_PROFILE_MODULE_ID, 0, 'view_group_2', '_MI_PROFILE_GROUP_VIEW_2', 'a:1:{i:0;s:1:"2";}', '_MI_PROFILE_GROUP_VIEW_DSC', 'group_multi', 'array', 4),
(272, REPLACE_WITH_PROFILE_MODULE_ID, 0, 'view_group_3', '_MI_PROFILE_GROUP_VIEW_3', 'a:1:{i:0;s:1:"2";}', '_MI_PROFILE_GROUP_VIEW_DSC', 'group_multi', 'array', 5),
(273, REPLACE_WITH_PROFILE_MODULE_ID, 0, 'rowitems', '_MI_PROFILE_ROWITEMS_TITLE', '5', '_MI_PROFILE_ROWITEMS_DESC', 'textbox', 'int', 6),
(274, REPLACE_WITH_PROFILE_MODULE_ID, 0, 'enable_pictures', '_MI_PROFILE_ENABLEPICT_TITLE', '0', '_MI_PROFILE_ENABLEPICT_DESC', 'yesno', 'int', 7),
(275, REPLACE_WITH_PROFILE_MODULE_ID, 0, 'nb_pict', '_MI_PROFILE_NUMBPICT_TITLE', '12', '_MI_PROFILE_NUMBPICT_DESC', 'textbox', 'int', 8),
(276, REPLACE_WITH_PROFILE_MODULE_ID, 0, 'thumb_width', '_MI_PROFILE_THUMW_TITLE', '125', '_MI_PROFILE_THUMBW_DESC', 'textbox', 'int', 9),
(277, REPLACE_WITH_PROFILE_MODULE_ID, 0, 'thumb_height', '_MI_PROFILE_THUMBH_TITLE', '175', '_MI_PROFILE_THUMBH_DESC', 'textbox', 'int', 10),
(278, REPLACE_WITH_PROFILE_MODULE_ID, 0, 'resized_width', '_MI_PROFILE_RESIZEDW_TITLE', '650', '_MI_PROFILE_RESIZEDW_DESC', 'textbox', 'int', 11),
(279, REPLACE_WITH_PROFILE_MODULE_ID, 0, 'resized_height', '_MI_PROFILE_RESIZEDH_TITLE', '450', '_MI_PROFILE_RESIZEDH_DESC', 'textbox', 'int', 12),
(280, REPLACE_WITH_PROFILE_MODULE_ID, 0, 'max_original_width', '_MI_PROFILE_ORIGINALW_TITLE', '2048', '_MI_PROFILE_ORIGINALW_DESC', 'textbox', 'int', 13),
(281, REPLACE_WITH_PROFILE_MODULE_ID, 0, 'max_original_height', '_MI_PROFILE_ORIGINALH_TITLE', '1600', '_MI_PROFILE_ORIGINALH_DESC', 'textbox', 'int', 14),
(282, REPLACE_WITH_PROFILE_MODULE_ID, 0, 'maxfilesize_picture', '_MI_PROFILE_MAXFILEBYTES_PICTURE_TITLE', '512000', '_MI_PROFILE_MAXFILEBYTES_PICTURE_DESC', 'textbox', 'int', 15),
(283, REPLACE_WITH_PROFILE_MODULE_ID, 0, 'picturesperpage', '_MI_PROFILE_PICTURESPERPAGE_TITLE', '6', '_MI_PROFILE_PICTURESPERPAGE_DESC', 'textbox', 'int', 16),
(284, REPLACE_WITH_PROFILE_MODULE_ID, 0, 'physical_delete', '_MI_PROFILE_DELETEPHYSICAL_TITLE', '1', '_MI_PROFILE_DELETEPHYSICAL_DESC', 'yesno', 'int', 17),
(285, REPLACE_WITH_PROFILE_MODULE_ID, 0, 'images_order', '_MI_PROFILE_IMGORDER_TITLE', '1', '_MI_PROFILE_IMGORDER_DESC', 'yesno', 'int', 18),
(286, REPLACE_WITH_PROFILE_MODULE_ID, 0, 'enable_friendship', '_MI_PROFILE_ENABLEFRIENDS_TITLE', '0', '_MI_PROFILE_ENABLEFRIENDS_DESC', 'yesno', 'int', 19),
(287, REPLACE_WITH_PROFILE_MODULE_ID, 0, 'enable_audio', '_MI_PROFILE_ENABLEAUDIO_TITLE', '0', '_MI_PROFILE_ENABLEAUDIO_DESC', 'yesno', 'int', 20),
(288, REPLACE_WITH_PROFILE_MODULE_ID, 0, 'nb_audio', '_MI_PROFILE_NUMBAUDIO_TITLE', '12', '_MI_PROFILE_NUMBAUDIO_DESC', 'textbox', 'int', 21),
(289, REPLACE_WITH_PROFILE_MODULE_ID, 0, 'audiosperpage', '_MI_PROFILE_AUDIOSPERPAGE_TITLE', '20', '_MI_PROFILE_AUDIOSPERPAGE_DESC', 'textbox', 'int', 22),
(290, REPLACE_WITH_PROFILE_MODULE_ID, 0, 'maxfilesize_audio', '_MI_PROFILE_MAXFILEBYTES_AUDIO_TITLE', '5242880', '_MI_PROFILE_MAXFILEBYTES_AUDIO_DESC', 'textbox', 'int', 23),
(291, REPLACE_WITH_PROFILE_MODULE_ID, 0, 'enable_videos', '_MI_PROFILE_ENABLEVIDEOS_TITLE', '0', '_MI_PROFILE_ENABLEVIDEOS_DESC', 'yesno', 'int', 24),
(292, REPLACE_WITH_PROFILE_MODULE_ID, 0, 'videosperpage', '_MI_PROFILE_VIDEOSPERPAGE_TITLE', '6', '_MI_PROFILE_VIDEOSPERPAGE_DESC', 'textbox', 'int', 25),
(293, REPLACE_WITH_PROFILE_MODULE_ID, 0, 'width_tube', '_MI_PROFILE_TUBEW_TITLE', '450', '_MI_PROFILE_TUBEW_DESC', 'textbox', 'int', 26),
(294, REPLACE_WITH_PROFILE_MODULE_ID, 0, 'height_tube', '_MI_PROFILE_TUBEH_TITLE', '350', '_MI_PROFILE_TUBEH_DESC', 'textbox', 'int', 27),
(295, REPLACE_WITH_PROFILE_MODULE_ID, 0, 'width_maintube', '_MI_PROFILE_MAINTUBEW_TITLE', '250', '_MI_PROFILE_MAINTUBEW_DESC', 'textbox', 'int', 28),
(296, REPLACE_WITH_PROFILE_MODULE_ID, 0, 'height_maintube', '_MI_PROFILE_MAINTUBEH_TITLE', '210', '_MI_PROFILE_MAINTUBEH_DESC', 'textbox', 'int', 29),
(297, REPLACE_WITH_PROFILE_MODULE_ID, 0, 'enable_tribes', '_MI_PROFILE_ENABLETRIBES_TITLE', '0', '_MI_PROFILE_ENABLETRIBES_DESC', 'yesno', 'int', 30),
(298, REPLACE_WITH_PROFILE_MODULE_ID, 0, 'tribetopicsperpage', '_MI_PROFILE_TRIBETOPICSPERPAGE_TITLE', '10', '_MI_PROFILE_TRIBETOPICSPERPAGE_DESC', 'textbox', 'int', 31),
(299, REPLACE_WITH_PROFILE_MODULE_ID, 0, 'tribepostsperpage', '_MI_PROFILE_TRIBEPOSTSPERPAGE_TITLE', '10', '_MI_PROFILE_TRIBEPOSTSPERPAGE_DESC', 'textbox', 'int', 32),
(300, REPLACE_WITH_PROFILE_MODULE_ID, 0, 'com_rule', '_CM_COMRULES', '1', '', 'select', 'int', 33),
(301, REPLACE_WITH_PROFILE_MODULE_ID, 0, 'com_anonpost', '_CM_COMANONPOST', '0', '', 'yesno', 'int', 34),
(302, REPLACE_WITH_PROFILE_MODULE_ID, 0, 'notification_enabled', '_NOT_CONFIG_ENABLE', '3', '_NOT_CONFIG_ENABLEDSC', 'select', 'int', 35),
(303, REPLACE_WITH_PROFILE_MODULE_ID, 0, 'notification_events', '_NOT_CONFIG_EVENTS', 'a:11:{i:0;s:20:"pictures-new_picture";i:1;s:16:"pictures-comment";i:2;s:23:"pictures-comment_submit";i:3;s:16:"videos-new_video";i:4;s:14:"videos-comment";i:5;s:21:"videos-comment_submit";i:6;s:15:"audio-new_audio";i:7;s:13:"audio-comment";i:8;s:20:"audio-comment_submit";i:9;s:25:"tribetopic-new_tribetopic";i:10;s:23:"tribepost-new_tribepost";}', '_NOT_CONFIG_EVENTSDSC', 'select_multi', 'array', 36),
(304, 5, 0, 'global_disabled', '_MI_PROTECTOR_GLOBAL_DISBL', '0', '_MI_PROTECTOR_GLOBAL_DISBLDSC', 'yesno', 'int', 0),
(305, 5, 0, 'default_lang', '_MI_PROTECTOR_DEFAULT_LANG', 'english', '_MI_PROTECTOR_DEFAULT_LANGDSC', 'text', 'text', 1),
(306, 5, 0, 'log_level', '_MI_PROTECTOR_LOG_LEVEL', '255', '', 'select', 'int', 2),
(307, 5, 0, 'banip_time0', '_MI_PROTECTOR_BANIP_TIME0', '86400', '', 'text', 'int', 3),
(308, 5, 0, 'reliable_ips', '_MI_PROTECTOR_RELIABLE_IPS', 'a:2:{i:0;s:9:"^192.168.";i:1;s:9:"127.0.0.1";}', '_MI_PROTECTOR_RELIABLE_IPSDSC', 'textarea', 'array', 4),
(309, 5, 0, 'session_fixed_topbit', '_MI_PROTECTOR_HIJACK_TOPBIT', '24', '_MI_PROTECTOR_HIJACK_TOPBITDSC', 'text', 'int', 5),
(310, 5, 0, 'groups_denyipmove', '_MI_PROTECTOR_HIJACK_DENYGP', 'a:1:{i:0;s:1:"1";}', '_MI_PROTECTOR_HIJACK_DENYGPDSC', 'group_multi', 'array', 6),
(311, 5, 0, 'san_nullbyte', '_MI_PROTECTOR_SAN_NULLBYTE', '1', '_MI_PROTECTOR_SAN_NULLBYTEDSC', 'yesno', 'int', 7),
(312, 5, 0, 'die_badext', '_MI_PROTECTOR_DIE_BADEXT', '1', '_MI_PROTECTOR_DIE_BADEXTDSC', 'yesno', 'int', 8),
(313, 5, 0, 'contami_action', '_MI_PROTECTOR_CONTAMI_ACTION', '3', '_MI_PROTECTOR_CONTAMI_ACTIONDS', 'select', 'int', 9),
(314, 5, 0, 'isocom_action', '_MI_PROTECTOR_ISOCOM_ACTION', '0', '_MI_PROTECTOR_ISOCOM_ACTIONDSC', 'select', 'int', 10),
(315, 5, 0, 'union_action', '_MI_PROTECTOR_UNION_ACTION', '0', '_MI_PROTECTOR_UNION_ACTIONDSC', 'select', 'int', 11),
(316, 5, 0, 'id_forceintval', '_MI_PROTECTOR_ID_INTVAL', '0', '_MI_PROTECTOR_ID_INTVALDSC', 'yesno', 'int', 12),
(317, 5, 0, 'file_dotdot', '_MI_PROTECTOR_FILE_DOTDOT', '1', '_MI_PROTECTOR_FILE_DOTDOTDSC', 'yesno', 'int', 13),
(318, 5, 0, 'bf_count', '_MI_PROTECTOR_BF_COUNT', '10', '_MI_PROTECTOR_BF_COUNTDSC', 'text', 'int', 14),
(319, 5, 0, 'bwlimit_count', '_MI_PROTECTOR_BWLIMIT_COUNT', '0', '_MI_PROTECTOR_BWLIMIT_COUNTDSC', 'text', 'int', 15),
(320, 5, 0, 'dos_skipmodules', '_MI_PROTECTOR_DOS_SKIPMODS', '', '_MI_PROTECTOR_DOS_SKIPMODSDSC', 'text', 'text', 16),
(321, 5, 0, 'dos_expire', '_MI_PROTECTOR_DOS_EXPIRE', '60', '_MI_PROTECTOR_DOS_EXPIREDSC', 'text', 'int', 17),
(322, 5, 0, 'dos_f5count', '_MI_PROTECTOR_DOS_F5COUNT', '20', '_MI_PROTECTOR_DOS_F5COUNTDSC', 'text', 'int', 18),
(323, 5, 0, 'dos_f5action', '_MI_PROTECTOR_DOS_F5ACTION', 'exit', '', 'select', 'text', 19),
(324, 5, 0, 'dos_crcount', '_MI_PROTECTOR_DOS_CRCOUNT', '40', '_MI_PROTECTOR_DOS_CRCOUNTDSC', 'text', 'int', 20),
(325, 5, 0, 'dos_craction', '_MI_PROTECTOR_DOS_CRACTION', 'exit', '', 'select', 'text', 21),
(326, 5, 0, 'dos_crsafe', '_MI_PROTECTOR_DOS_CRSAFE', '/(msnbot|Googlebot|Yahoo! Slurp)/i', '_MI_PROTECTOR_DOS_CRSAFEDSC', 'text', 'text', 22),
(327, 5, 0, 'bip_except', '_MI_PROTECTOR_BIP_EXCEPT', 'a:1:{i:0;s:1:"1";}', '_MI_PROTECTOR_BIP_EXCEPTDSC', 'group_multi', 'array', 23);
INSERT INTO `REPLACE_WITH_PREFIX_config` (`conf_id`, `conf_modid`, `conf_catid`, `conf_name`, `conf_title`, `conf_value`, `conf_desc`, `conf_formtype`, `conf_valuetype`, `conf_order`) VALUES
(328, 5, 0, 'disable_features', '_MI_PROTECTOR_DISABLES', '1', '', 'select', 'int', 24),
(329, 5, 0, 'enable_dblayertrap', '_MI_PROTECTOR_DBLAYERTRAP', '1', '_MI_PROTECTOR_DBLAYERTRAPDSC', 'yesno', 'int', 25),
(330, 5, 0, 'dblayertrap_wo_server', '_MI_PROTECTOR_DBTRAPWOSRV', '0', '_MI_PROTECTOR_DBTRAPWOSRVDSC', 'yesno', 'int', 26),
(331, 5, 0, 'enable_bigumbrella', '_MI_PROTECTOR_BIGUMBRELLA', '1', '_MI_PROTECTOR_BIGUMBRELLADSC', 'yesno', 'int', 27),
(332, 5, 0, 'spamcount_uri4user', '_MI_PROTECTOR_SPAMURI4U', '0', '_MI_PROTECTOR_SPAMURI4UDSC', 'textbox', 'int', 28),
(333, 5, 0, 'spamcount_uri4guest', '_MI_PROTECTOR_SPAMURI4G', '5', '_MI_PROTECTOR_SPAMURI4GDSC', 'textbox', 'int', 29),
(334, 5, 0, 'filters', '_MI_PROTECTOR_FILTERS', '', '_MI_PROTECTOR_FILTERSDSC', 'textarea', 'text', 30),
(335, 5, 0, 'enable_manip_check', '_MI_PROTECTOR_MANIPUCHECK', '1', '_MI_PROTECTOR_MANIPUCHECKDSC', 'yesno', 'int', 31),
(336, 5, 0, 'manip_value', '_MI_PROTECTOR_MANIPUVALUE', '', '_MI_PROTECTOR_MANIPUVALUEDSC', 'textbox', 'text', 32),
(337, 0, 7, 'auth_2fa', '_MD_AM_AUTH2FA', '0', '_MD_AM_AUTH2FADESC', 'yesno', 'int', 1),
(338, 0, 7, 'auth_2fa_groups', '_MD_AM_AUTH2FAGROUPS', 'a:1:{i:0;s:1:\"2\";}', '_MD_AM_AUTH2FAGROUPSDESC', 'group_multi', 'array', 1),
(339, 0, 7, 'auth_okta', '_MD_AM_AUTHOKTA', '', '_MD_AM_AUTHOKTADESC', 'textbox', 'text', 1);

TRUNCATE `REPLACE_WITH_PREFIX_group_permission`;

INSERT INTO `REPLACE_WITH_PREFIX_group_permission` (`gperm_id`, `gperm_groupid`, `gperm_itemid`, `gperm_modid`, `gperm_name`) VALUES
(1, 2, 20, 1, 'use_extension'),
(2, 1, 20, 1, 'use_extension'),
(3, 2, 19, 1, 'use_extension'),
(4, 1, 19, 1, 'use_extension'),
(5, 2, 76, 1, 'use_extension'),
(6, 1, 76, 1, 'use_extension'),
(7, 2, 77, 1, 'use_extension'),
(8, 1, 77, 1, 'use_extension'),
(9, 2, 82, 1, 'use_extension'),
(10, 1, 82, 1, 'use_extension'),
(11, 2, 79, 1, 'use_extension'),
(12, 1, 79, 1, 'use_extension'),
(13, 2, 80, 1, 'use_extension'),
(14, 1, 80, 1, 'use_extension'),
(15, 2, 81, 1, 'use_extension'),
(16, 1, 81, 1, 'use_extension'),
(17, 2, 83, 1, 'use_extension'),
(18, 1, 83, 1, 'use_extension'),
(19, 2, 84, 1, 'use_extension'),
(20, 1, 84, 1, 'use_extension'),
(21, 2, 100, 1, 'use_extension'),
(22, 1, 100, 1, 'use_extension'),
(23, 2, 101, 1, 'use_extension'),
(24, 1, 101, 1, 'use_extension'),
(25, 1, 1, 1, 'module_admin'),
(26, 1, 1, 1, 'module_read'),
(28, 3, 1, 1, 'module_read'),
(29, 1, 1, 1, 'system_admin'),
(30, 1, 2, 1, 'system_admin'),
(31, 1, 3, 1, 'system_admin'),
(32, 1, 4, 1, 'system_admin'),
(33, 1, 5, 1, 'system_admin'),
(34, 1, 6, 1, 'system_admin'),
(35, 1, 7, 1, 'system_admin'),
(36, 1, 8, 1, 'system_admin'),
(37, 1, 9, 1, 'system_admin'),
(38, 1, 10, 1, 'system_admin'),
(39, 1, 11, 1, 'system_admin'),
(40, 1, 12, 1, 'system_admin'),
(41, 1, 13, 1, 'system_admin'),
(42, 1, 14, 1, 'system_admin'),
(43, 1, 15, 1, 'system_admin'),
(44, 1, 16, 1, 'system_admin'),
(45, 1, 17, 1, 'system_admin'),
(46, 1, 18, 1, 'system_admin'),
(47, 1, 19, 1, 'system_admin'),
(48, 1, 20, 1, 'system_admin'),
(49, 1, 1, 1, 'group_manager'),
(50, 1, 2, 1, 'group_manager'),
(51, 1, 3, 1, 'group_manager'),
(52, 1, 1, 1, 'content_read'),
(53, 2, 1, 1, 'content_read'),
(54, 3, 1, 1, 'content_read'),
(55, 1, 1, 1, 'content_admin'),
(56, 1, 1, 1, 'use_wysiwygeditor'),
(57, 1, 1, 1, 'imgcat_write'),
(58, 1, 1, 1, 'imgcat_read'),
(59, 1, 1, 1, 'block_read'),
(61, 3, 1, 1, 'block_read'),
(62, 1, 2, 1, 'block_read'),
(64, 3, 2, 1, 'block_read'),
(65, 1, 3, 1, 'block_read'),
(67, 3, 3, 1, 'block_read'),
(68, 1, 4, 1, 'block_read'),
(70, 3, 4, 1, 'block_read'),
(71, 1, 5, 1, 'block_read'),
(73, 3, 5, 1, 'block_read'),
(74, 1, 6, 1, 'block_read'),
(76, 3, 6, 1, 'block_read'),
(77, 1, 7, 1, 'block_read'),
(79, 3, 7, 1, 'block_read'),
(80, 1, 8, 1, 'block_read'),
(82, 3, 8, 1, 'block_read'),
(83, 1, 9, 1, 'block_read'),
(85, 3, 9, 1, 'block_read'),
(86, 1, 10, 1, 'block_read'),
(88, 3, 10, 1, 'block_read'),
(89, 1, 11, 1, 'block_read'),
(91, 3, 11, 1, 'block_read'),
(92, 1, 12, 1, 'block_read'),
(94, 3, 12, 1, 'block_read'),
(95, 1, 13, 1, 'block_read'),
(97, 3, 13, 1, 'block_read'),
(98, 1, 14, 1, 'block_read'),
(100, 3, 14, 1, 'block_read'),
(101, 1, 15, 1, 'block_read'),
(103, 3, 15, 1, 'block_read'),
(104, 1, 16, 1, 'block_read'),
(106, 3, 16, 1, 'block_read'),
(107, 1, 17, 1, 'block_read'),
(109, 3, 17, 1, 'block_read'),
(110, 1, 18, 1, 'block_read'),
(112, 3, 18, 1, 'block_read'),
(113, 1, 19, 1, 'block_read'),
(115, 3, 19, 1, 'block_read'),
(118, 1, 2, 1, 'module_admin'),
(119, 1, 2, 1, 'module_read'),
(120, 1, 1, 1, 'block_read'),
(121, 1, 1, 1, 'block_read'),
(125, 3, 2, 1, 'module_read'),
(126, 3, 1, 1, 'block_read'),
(127, 3, 1, 1, 'block_read'),
(128, 1, 3, 1, 'module_admin'),
(129, 1, 3, 1, 'module_read'),
(130, 1, 1, 1, 'block_read'),
(133, 3, 3, 1, 'module_read'),
(134, 3, 1, 1, 'block_read'),
(135, 1, 4, 1, 'module_admin'),
(136, 1, 4, 1, 'module_read'),
(137, 1, 1, 1, 'block_read'),
(138, 1, 1, 1, 'block_read'),
(142, 3, 4, 1, 'module_read'),
(143, 3, 1, 1, 'block_read'),
(144, 3, 1, 1, 'block_read'),
(145, 1, 5, 1, 'module_admin'),
(146, 1, 5, 1, 'module_read'),
(147, 3, 21, 1, 'block_read'),
(148, 1, 20, 1, 'block_read'),
(149, 2, 2, 1, 'module_read'),
(150, 2, 3, 1, 'module_read'),
(151, 2, 4, 1, 'module_read'),
(152, 2, 1, 1, 'module_read'),
(153, 2, 1, 1, 'block_read'),
(154, 2, 2, 1, 'block_read'),
(155, 2, 5, 1, 'block_read'),
(156, 2, 6, 1, 'block_read'),
(157, 2, 10, 1, 'block_read'),
(158, 2, 11, 1, 'block_read'),
(159, 2, 12, 1, 'block_read'),
(160, 2, 13, 1, 'block_read'),
(161, 2, 18, 1, 'block_read'),
(162, 2, 19, 1, 'block_read'),
(164, 2, 3, 1, 'block_read'),
(165, 2, 14, 1, 'block_read'),
(166, 2, 4, 1, 'block_read'),
(167, 2, 7, 1, 'block_read'),
(168, 2, 8, 1, 'block_read'),
(169, 2, 9, 1, 'block_read'),
(170, 2, 16, 1, 'block_read'),
(171, 2, 15, 1, 'block_read'),
(172, 2, 17, 1, 'block_read'),
(173, 2, 24, 1, 'block_read'),
(179, 2, 18, 4, 'profile_edit'),
(180, 2, 19, 4, 'profile_edit'),
(181, 2, 29, 4, 'profile_edit');


UPDATE `REPLACE_WITH_PREFIX_block_module_link` SET page_id=0 WHERE block_id=24;

TRUNCATE `REPLACE_WITH_PREFIX_newblocks`;

INSERT INTO `REPLACE_WITH_PREFIX_newblocks` (`bid`, `mid`, `func_num`, `options`, `name`, `title`, `content`, `side`, `weight`, `visible`, `block_type`, `c_type`, `isactive`, `dirname`, `func_file`, `show_func`, `edit_func`, `template`, `bcachetime`, `last_modified`) VALUES
(1, 1, 1, '', 'User Menu', 'User Menu', '', 1, 0, 0, 'S', 'H', 1, 'system', 'system_blocks.php', 'b_system_user_show', '', 'system_block_user.html', 0, 1324237597),
(2, 1, 2, '', 'Login', 'Login', '', 1, 0, 1, 'S', 'H', 1, 'system', 'system_blocks.php', 'b_system_login_show', '', 'system_block_login.html', 0, 1324009012),
(3, 1, 3, '', 'Search', 'Search', '', 2, 0, 0, 'S', 'H', 1, 'system', 'system_blocks.php', 'b_system_search_show', '', 'system_block_search.html', 0, 1324230443),
(4, 1, 4, '1|5', 'Waiting Contents', 'Waiting Contents', '', 9, 0, 0, 'S', 'H', 1, 'system', 'system_waiting.php', 'b_system_waiting_show', 'b_system_waiting_edit', 'system_block_waiting.html', 0, 1324230522),
(5, 1, 5, '', 'Main Menu', 'Main Menu', '', 1, 0, 0, 'S', 'H', 1, 'system', 'system_blocks.php', 'b_system_main_show', '', 'system_block_mainmenu.html', 0, 1324230437),
(6, 1, 6, '320|190|s_poweredby.gif|1', 'Site Info', 'Site Info', '', 1, 0, 0, 'S', 'H', 1, 'system', 'system_blocks.php', 'b_system_info_show', 'b_system_info_edit', 'system_block_siteinfo.html', 0, 1324009012),
(7, 1, 7, '', 'Who''s Online', 'Who''s Online', '', 9, 0, 1, 'S', 'H', 1, 'system', 'system_blocks.php', 'b_system_online_show', '', 'system_block_online.html', 0, 1324230491),
(8, 1, 8, '10|1', 'Top Posters', 'Top Posters', '', 10, 0, 0, 'S', 'H', 1, 'system', 'system_blocks.php', 'b_system_topposters_show', 'b_system_topposters_edit', 'system_block_topusers.html', 0, 1324230527),
(9, 1, 9, '10|1|1', 'New Members', 'New Members', '', 10, 0, 0, 'S', 'H', 1, 'system', 'system_blocks.php', 'b_system_newmembers_show', 'b_system_newmembers_edit', 'system_block_newusers.html', 0, 1324230441),
(10, 1, 10, '10', 'Recent Comments', 'Recent Comments', '', 1, 0, 0, 'S', 'H', 1, 'system', 'system_blocks.php', 'b_system_comments_show', 'b_system_comments_edit', 'system_block_comments.html', 0, 1324009012),
(11, 1, 11, '', 'Notification Options', 'Notification Options', '', 1, 0, 0, 'S', 'H', 1, 'system', 'system_blocks.php', 'b_system_notification_show', '', 'system_block_notification.html', 0, 1324009012),
(12, 1, 12, '0|80', 'Themes', 'Themes', '', 1, 0, 0, 'S', 'H', 1, 'system', 'system_blocks.php', 'b_system_themes_show', 'b_system_themes_edit', 'system_block_themes.html', 0, 1324230465),
(13, 1, 13, '', 'Language Selection', 'Language Selection', '', 1, 0, 0, 'S', 'H', 1, 'system', 'system_blocks.php', 'b_system_multilanguage_show', '', 'system_block_multilanguage.html', 0, 1324009012),
(14, 1, 14, '1|1|1|1|0|0|0|0|0|0|0|0|0|1|0|0|0|0|1|0|1|0|0|1|0|0|0|0|0|0|0|0', 'Share this page!', 'Share this page!', '', 7, 0, 0, 'S', 'H', 1, 'system', 'system_blocks.php', 'b_system_social_show', 'b_system_social_edit', 'system_block_socialbookmark.html', 0, 1324230450),
(15, 1, 15, '', 'System Warnings', 'System Warnings', '', 12, 0, 1, 'S', 'H', 1, 'system', 'system_admin_blocks.php', 'b_system_admin_warnings_show', '', 'system_admin_block_warnings.html', 0, 1324009012),
(16, 1, 16, '', 'Control Panel', 'Control Panel', '', 11, 0, 1, 'S', 'H', 1, 'system', 'system_admin_blocks.php', 'b_system_admin_cp_show', '', 'system_admin_block_cp.html', 0, 1324009012),
(17, 1, 17, '', 'Installed Modules', 'Installed Modules', '', 13, 0, 1, 'S', 'H', 1, 'system', 'system_admin_blocks.php', 'b_system_admin_modules_show', '', 'system_admin_block_modules.html', 0, 1324009012),
(18, 1, 18, '', 'My Bookmarks', 'My Bookmarks', '', 1, 0, 0, 'S', 'H', 1, 'system', 'system_blocks.php', 'b_system_bookmarks_show', '', 'system_block_bookmarks.html', 0, 1324009012),
(19, 1, 19, '', 'New Control Panel', 'New Control Panel', '', 1, 0, 0, 'S', 'H', 1, 'system', 'system_admin_blocks.php', 'b_system_admin_cp_new_show', '', 'system_admin_block_cp_new.html', 0, 1324009012),
(20, 0, 0, '', 'Custom Block (Auto Format + smilies)', 'Welcome!', '', 4, 0, 1, 'C', 'S', 1, '', '', '', '', '', 0, 1324230663),
(21, 0, 0, '', 'Custom Block (Auto Format + smilies)', 'Welcome!', 'Please login on the left.', 4, 0, 1, 'C', 'S', 1, '', '', '', '', '', 0, 1324230576),
(22, 2, 0, '0|1|1|1', 'Content', 'Content', '', 1, 0, 0, 'M', 'H', 1, 'content', 'content_display.php', 'content_content_display_show', 'content_content_display_edit', 'content_content_display.html', 0, 1324009074),
(23, 2, 1, 'content_title|ASC|1|#59ADDB|0', 'Content Menu', 'Content Menu', '', 1, 0, 0, 'M', 'H', 1, 'content', 'content_menu.php', 'content_content_menu_show', 'content_content_menu_edit', 'content_content_menu.html', 0, 1324009074),
(24, 3, 1, '', 'Form Menu', 'Form Menu', '', 1, 0, 1, 'M', 'H', 1, 'formulize', 'mymenu.php', 'block_formulizeMENU_show', '', '', 0, 1324230836),
(25, 4, 1, '5', 'My friends', 'My friends', '', 1, 0, 0, 'M', 'H', 1, 'profile', 'blocks.php', 'b_profile_friends_show', 'b_profile_friends_edit', 'profile_block_friends.html', 0, 1324009084),
(26, 4, 2, '', 'User Menu', 'User Menu', '', 1, 0, 0, 'M', 'H', 1, 'profile', 'blocks.php', 'b_profile_usermenu_show', '', 'profile_block_usermenu.html', 0, 1324009084);

TRUNCATE `REPLACE_WITH_PREFIX_profile_configs`;

INSERT INTO `REPLACE_WITH_PREFIX_profile_configs` (`configs_id`, `config_uid`, `pictures`, `audio`, `videos`, `friendship`, `tribes`, `profile_usercontributions`, `suspension`, `backup_password`, `backup_email`, `backup_sig`, `end_suspension`, `status`) VALUES
(1, 1, 2, 2, 2, 2, 2, 2, 0, '', '', '', 0, '');

TRUNCATE `REPLACE_WITH_PREFIX_profile_field`;

INSERT INTO `REPLACE_WITH_PREFIX_profile_field` (`fieldid`, `catid`, `field_type`, `field_valuetype`, `field_name`, `field_title`, `url`, `field_description`, `field_required`, `field_maxlength`, `field_weight`, `field_default`, `field_notnull`, `field_edit`, `field_show`, `field_options`, `exportable`, `step_id`, `system`) VALUES
(1, 1, 'textbox', '1', 'name', 'Real Name', 'username.gif', '', 0, '255', 1, '', 1, 1, 0, 'a:0:{}', 1, 0, 1),
(2, 1, 'location', '1', 'user_from', 'Location', 'house.gif', '', 0, '255', 2, '', 1, 1, 0, 'a:0:{}', 1, 2, 1),
(3, 1, 'textbox', '1', 'user_occ', 'Occupation', 'occ.gif', '', 0, '255', 3, '', 1, 1, 0, 'a:0:{}', 1, 2, 1),
(4, 1, 'textbox', '1', 'user_intrest', 'Interest', 'interests.gif', '', 0, '255', 4, '', 1, 1, 0, 'a:0:{}', 1, 2, 1),
(5, 1, 'textarea', '2', 'bio', 'Extra Info', 'bio.gif', '', 0, '0', 5, '', 1, 1, 0, 'a:0:{}', 1, 2, 1),
(6, 2, 'textbox', '1', 'user_aim', 'AIM', 'aim.gif', '', 0, '255', 1, '', 1, 1, 0, 'a:0:{}', 1, 2, 1),
(7, 2, 'textbox', '1', 'user_icq', 'ICQ', 'icq.gif', '', 0, '255', 2, '', 1, 1, 0, 'a:0:{}', 1, 2, 1),
(8, 2, 'textbox', '1', 'user_msnm', 'MSNM', 'msnm.gif', '', 0, '255', 3, '', 1, 1, 0, 'a:0:{}', 1, 2, 1),
(9, 2, 'textbox', '1', 'user_yim', 'YIM', 'ym.gif', '', 0, '255', 4, '', 1, 1, 0, 'a:0:{}', 1, 2, 1),
(10, 3, 'yesno', '3', 'user_viewemail', 'Allow other users to view my email address', '', '', 0, '1', 1, '', 1, 1, 0, 'a:0:{}', 1, 0, 1),
(11, 3, 'yesno', '3', 'attachsig', 'Always attach my signature', '', '', 0, '1', 2, '', 1, 1, 0, 'a:0:{}', 1, 0, 1),
(12, 3, 'yesno', '3', 'user_mailok', 'Receive occasional email notices from administrators and moderators?', '', '', 0, '1', 3, '', 1, 1, 0, 'a:0:{}', 1, 0, 1),
(13, 3, 'theme', '1', 'theme', 'Default Theme', '', '', 0, '0', 4, '', 1, 1, 0, 'a:0:{}', 1, 0, 1),
(14, 3, 'language', '1', 'language', 'Default Language', '', '', 0, '0', 5, '', 1, 1, 0, 'a:0:{}', 1, 0, 1),
(15, 3, 'select', '3', 'umode', 'Comments Display Mode', '', '', 0, '0', 6, '', 1, 1, 0, 'a:3:{s:4:"nest";s:6:"Nested";s:4:"flat";s:4:"Flat";s:6:"thread";s:8:"Threaded";}', 1, 0, 1),
(16, 3, 'select', '3', 'uorder', 'Comments Sort Order', '', '', 0, '0', 7, '', 1, 1, 0, 'a:2:{i:0;s:12:"Oldest First";i:1;s:12:"Newest First";}', 1, 0, 1),
(17, 3, 'select', '3', 'notify_mode', 'Default Notification Mode', '', '', 0, '0', 8, '', 1, 1, 0, 'a:3:{i:0;s:33:"Notify me of all selected updates";i:1;s:19:"Notify me only once";i:2;s:48:"Notify me once then disable until I log in again";}', 1, 0, 1),
(18, 3, 'select', '3', 'notify_method', 'Notification Method: When you monitor e.g. a forum, how would you like to receive notifications of updates?', '', '', 0, '0', 9, '', 1, 1, 1, 'a:3:{i:0;s:19:"Temporarily Disable";i:1;s:15:"Private Message";i:2;s:33:"Email (use address in my profile)";}', 1, 1, 1),
(19, 3, 'timezone', '1', 'timezone_offset', 'Time Zone', '', '', 0, '0', 10, '', 1, 1, 1, 'a:0:{}', 1, 1, 1),
(20, 3, 'yesno', '3', 'user_viewoid', 'Allow other users to view my OpenID', '', '', 0, '1', 11, '', 1, 0, 0, 'a:0:{}', 1, 0, 1),
(21, 4, 'url', '1', 'url', 'Website', 'url.gif', '', 0, '255', 1, '', 1, 1, 0, 'a:0:{}', 1, 0, 1),
(22, 4, 'textbox', '3', 'posts', 'Comments/Posts', 'comments.gif', '', 0, '255', 2, '', 1, 0, 0, 'a:0:{}', 1, 0, 1),
(23, 4, 'rank', '3', 'rank', 'Rank', 'rank.gif', '', 0, '0', 3, '', 1, 1, 0, 'a:0:{}', 1, 0, 1),
(24, 4, 'datetime', '3', 'user_regdate', 'Member Since', 'birthday.gif', '', 0, '10', 4, '0', 1, 0, 1, 'a:0:{}', 1, 0, 1),
(25, 4, 'datetime', '3', 'last_login', 'Last Login', 'clock.gif', '', 0, '10', 5, '0', 1, 0, 1, 'a:0:{}', 1, 0, 1),
(26, 4, 'openid', '1', 'openid', 'OpenID', 'openid.gif', '', 0, '255', 6, '', 1, 0, 0, 'a:0:{}', 1, 0, 1),
(27, 4, 'dhtml', '2', 'user_sig', 'Signature', 'signature.gif', '', 0, '0', 7, '', 1, 1, 0, 'a:0:{}', 1, 0, 1),
(28, 2, 'email', '1', 'email', 'Email', 'email.gif', '', 1, '255', 5, '', 1, 0, 1, 'a:0:{}', 1, 1, 1),
(29, 0, 'select', '3', '2famethod', '2-factor authentication method', '', '', 0, '0', 7, '', 1, 1, 1, 'a:4:{i:0;s:8:\"--None--\";i:1;s:14:\"Text me a code\";i:2;s:15:\"Email me a code\";i:3;s:24:\"Use an authenticator app\";}', 1, 1, 1);

ALTER TABLE `REPLACE_WITH_PREFIX_profile_profile ADD `2famethod` INT NULL DEFAULT NULL;

TRUNCATE `REPLACE_WITH_PREFIX_profile_profile`;

INSERT INTO `REPLACE_WITH_PREFIX_profile_profile` (`profileid`, `newemail`) VALUES
(1, ''),
(2, '');

TRUNCATE `REPLACE_WITH_PREFIX_profile_visibility`;

INSERT INTO `REPLACE_WITH_PREFIX_profile_visibility` (`fieldid`, `user_group`, `profile_group`) VALUES
(1, 1, 0),
(1, 2, 0),
(18, 0, 0),
(19, 2, 0),
(25, 1, 0),
(25, 2, 0),
(26, 1, 0),
(28, 1, 0),
(28, 2, 0),
(29, 2, 0);

UPDATE `REPLACE_WITH_PREFIX_users` SET theme='formulize_standalone';

UPDATE `REPLACE_WITH_PREFIX_block_module_link` SET page_id=1 WHERE block_id = 2 AND module_id = 0;